IP Address,Common Name,Organization,Country,Locality,Province,Subject Alternative DNS Name,Subject Alternative IP address,Self-signed
"13.225.250.147","cdnmedia.advent.com","Advent Software, Inc.","US","San Francisco","CA","cdnmedia.advent.com","","false"
"13.225.250.68","*.diceplatform.com","","","","","*.diceplatform.com|diceplatform.com","","false"
"13.225.250.202","*.ci.kinesso.ninja","","","","","*.ci.kinesso.ninja","","false"
"13.225.250.63","*.iqos.lv","","","","","*.iqos.lv|iqos.lv","","false"
"13.225.250.195","video.counsyl.com","","","","","video.counsyl.com|*.counsyl.com","","false"
"13.225.249.190","*.adison.co","","","","","*.adison.co","","false"
"13.225.250.201","www.partner.amazon.in","","","","","partner.amazon.in|www.partner.amazon.in|origin-spcentral.amazon.in","","false"
"13.225.250.74","www.amazon.com.br","","","","","amazon.com|amazon.com.br|www.amazon.com|www.amazon.com.br|origin-www.amazon.com.br|p-nt-www-amazon-com-br-kalias.amazon.com.br|p-yo-www-amazon-com-br-kalias.amazon.com.br|p-y3-www-amazon-com-br-kalias.amazon.com.br","","false"
"13.225.250.197","api.cs-pindrop.io","","","","","api.cs-pindrop.io","","false"
"13.225.250.79","*.sano-mirai.jp","","","","","*.sano-mirai.jp","","false"
"13.225.250.65","*.osusume.auone.jp","","","","","*.osusume.auone.jp|osusume.auone.jp","","false"
"13.225.250.199","*.undercovertourist.com","","","","","*.undercovertourist.com|undercovertourist.com","","false"
"13.225.250.196","nct127jkt.blibli.com","","","","","nct127jkt.blibli.com","","false"
"13.225.250.25","*.sandbox.repayonline.com","Repay","US","","Georgia","*.sandbox.repayonline.com|*.static.sandbox.repayonline.com","","false"
"13.225.250.191","assoc-eu.associates-amazon.com","","","","","assoc-eu.associates-amazon.com|z-eu.associates-amazon.com","","false"
"13.225.250.95","manga-bang.com","","","","","manga-bang.com|*.manga-bang.com","","false"
"13.225.249.192","zerossl.tataratt.hjk.jp","","","","","zerossl.tataratt.hjk.jp","","false"
"13.225.250.186","*.ozstage.com","Adobe Inc.","US","San Jose","California","*.ozstage.com","","false"
"13.225.250.178","*.careem.com","","","","","*.careem.com|careem.com","","false"
"13.225.250.198","twitchsvc.tech","","","","","twitchsvc.tech|*.twitchsvc.tech","","false"
"13.225.250.206","*.locorum.ca","","","","","*.locorum.ca","","false"
"13.225.250.123","*.images-amazon.com","","","","","*.images-amazon.com","","false"
"13.225.250.171","bookmyseat.gadgeon.com","","","","","bookmyseat.gadgeon.com","","false"
"13.225.250.138","*.samsungqbe.com","Samsung Electronics Co.,Ltd.","KR","Suwon-si","Gyeonggi-do","*.samsungqbe.com|samsungqbe.com","","false"
"13.225.250.89","*.yottaa.net","Yottaa, Inc.","US","Waltham","Massachusetts","*.yottaa.net|yottaa.net","","false"
"13.225.250.187","*.notificationblock.com","","","","","*.notificationblock.com|*.gamer-tab.xyz|*.searchmagic.xyz|*.stopnotification.com|*.sports-page.xyz|*.nonotification.com","","false"
"13.225.250.94","lad.stag.niotp.com","Nestlé Ltd","CH","Vevey","Vaud","lad.stag.niotp.com|www.lad.stag.niotp.com","","false"
"13.225.250.188","*.cctsl.com","Xevo Inc.","US","Bellevue","Washington","*.cctsl.com","","false"
"13.225.250.91","registry.bossastudios.com","","","","","registry.bossastudios.com|bossastudios.com|gl-registry.bossastudios.com","","false"
"13.225.250.204","files.bbystatic.com","","","","","files.bbystatic.com","","false"
"13.225.250.153","www.micard.co.jp","MICARD CO., LTD.","JP","Chuo Ku","Tokyo","www.micard.co.jp|micard.co.jp|www1.micard.co.jp|www2.micard.co.jp|stg.micard.co.jp|pre.micard.co.jp","","false"
"13.225.250.180","*.orbis.co.jp","","","","","*.orbis.co.jp","","false"
"13.225.250.176","superpoker.com.br","","","","","superpoker.com.br|*.superpoker.com.br","","false"
"13.225.250.251","ip-hoarder.cloudfront.aws.dev","","","","","ip-hoarder.cloudfront.aws.dev|*.ip-hoarder.cloudfront.aws.dev","","false"
"13.225.250.221","aws-summit.de","","","","","aws-summit.de|quiz.aws-summit.de|www.aws-summit.de","","false"
"13.225.250.70","*.devfdg.net","","","","","*.devfdg.net|devfdg.net","","false"
"13.225.250.29","*.idexximagebank.com","","","","","*.idexximagebank.com|*.idexxwebpacs.com.au|*.idexxwebpacs.com|*.idexxwebpacs.co.nz","","false"
"13.225.250.242","ip-hoarder.cloudfront.aws.dev","","","","","ip-hoarder.cloudfront.aws.dev|*.ip-hoarder.cloudfront.aws.dev","","false"
"13.225.250.222","daws-api.tv-asahi.co.jp","tv asahi corporation","JP","Minato-ku","Tokyo","daws-api.tv-asahi.co.jp","","false"
"13.225.251.15","*.cloudfront.net","","","","","cloudfront.net|*.cloudfront.net","","false"
"13.225.250.220","*.plaync.com","","","","","*.plaync.com","","false"
"13.225.250.209","*.furusato-token.jp","","","","","*.furusato-token.jp","","false"
"13.225.249.196","*.binance.im","","","","","*.binance.im|binance.im","","false"
"13.225.250.114","*.staging.thescore.com","","","","","*.staging.thescore.com|*.thescore.com","","false"
"13.225.249.195","marketpulse.com","","","","","marketpulse.com|www.marketpulse.com","","false"
"13.225.250.203","*.cafewellstage.com","","","","","*.cafewellstage.com","","false"
"13.225.250.215","*.sprinklr.com","","","","","*.sprinklr.com","","false"
"13.225.250.97","*.capitalfundinglab.com","","","","","*.capitalfundinglab.com","","false"
"13.225.250.217","*.caixinglobal.com","","","","","*.caixinglobal.com","","false"
"13.225.250.182","indeedassessments-api.com","","","","","indeedassessments-api.com","","false"
"13.225.250.236","js.pusher.com","","","","","js.pusher.com|www.js.pusher.com","","false"
"13.225.249.197","api.uat.repayonline.com","","","","","api.uat.repayonline.com|admin.static.uat.repayonline.com|api-global.uat.repayonline.com|admin-global.uat.repayonline.com|api.static.uat.repayonline.com|admin.uat.repayonline.com","","false"
"13.225.250.238","*.tclclouds.com","","","","","*.tclclouds.com|tclclouds.com","","false"
"13.225.250.190","ads.chtbl.com","","","","","ads.chtbl.com|search.ads.chrtnotchtbl.com","","false"
"13.225.250.234","*.secb2b.com","Samsung Electronics Co., Ltd.","KR","","Gyeonggi-do","*.secb2b.com|secb2b.com","","false"
"13.225.250.235","*.razorpay.com","","","","","*.razorpay.com","","false"
"13.225.250.243","ip-hoarder.cloudfront.aws.dev","","","","","ip-hoarder.cloudfront.aws.dev|*.ip-hoarder.cloudfront.aws.dev","","false"
"13.225.250.71","awscloud.com","","","","","awscloud.com|www.awscloud.com","","false"
"13.225.250.83","*.dev.rhinternal.net","","","","","*.dev.rhinternal.net","","false"
"13.225.250.77","*.pedbot.com.br","","","","","*.pedbot.com.br","","false"
"13.225.250.192","uploads.skyhighnetworks.com","","","","","uploads.skyhighnetworks.com","","false"
"13.225.250.245","ip-hoarder.cloudfront.aws.dev","","","","","ip-hoarder.cloudfront.aws.dev|*.ip-hoarder.cloudfront.aws.dev","","false"
"13.225.250.246","ip-hoarder.cloudfront.aws.dev","","","","","ip-hoarder.cloudfront.aws.dev|*.ip-hoarder.cloudfront.aws.dev","","false"
"13.225.251.6","*.cloudfront.net","","","","","cloudfront.net|*.cloudfront.net","","false"
"13.225.250.237","*.docebosaas.com","","","","","*.docebosaas.com","","false"
"13.225.250.249","ip-hoarder.cloudfront.aws.dev","","","","","ip-hoarder.cloudfront.aws.dev|*.ip-hoarder.cloudfront.aws.dev","","false"
"13.225.250.207","*.repayonline.com","Repay","US","","Georgia","*.repayonline.com|*.static.repayonline.com","","false"
"13.225.250.225","*.amanad.adtdp.com","CyberAgent, Inc.","JP","Shibuya-ku","Tokyo","*.amanad.adtdp.com|amanad.adtdp.com","","false"
"13.225.250.230","*.nypl.org","New York Public Library","US","","New York","*.nypl.org|nypl.org","","false"
"13.225.250.248","ip-hoarder.cloudfront.aws.dev","","","","","ip-hoarder.cloudfront.aws.dev|*.ip-hoarder.cloudfront.aws.dev","","false"
"13.225.249.238","*.api.everforth.com","","","","","*.api.everforth.com","","false"
"13.225.251.5","*.cloudfront.net","","","","","cloudfront.net|*.cloudfront.net","","false"
"13.225.249.236","*.tenor.co","","","","","*.tenor.co","","false"
"13.225.251.87","api.fe.amazonalexa.com","","","","","origin-api.fe.amazonalexa.com|api.fe.amazonalexa.com","","false"
"13.225.249.235","stage2.ota.ing.carrier.com","","","","","stage2.ota.ing.carrier.com|defrostbeta.ota.ing.carrier.com","","false"
"13.225.251.83","api.amazonalexa.com","","","","","origin-api.amazonalexa.com|api.amazonalexa.com","","false"
"13.225.249.227","www.audible.co.jp","","","","","www.audible.co.jp|audible.co.jp|origin-www.audible.co.jp","","false"
"13.225.251.14","*.cloudfront.net","","","","","cloudfront.net|*.cloudfront.net","","false"
"13.225.250.219","www.mitutoyo.co.jp","Mitutoyo Corporation","JP","Kawasaki-shi","Kanagawa","www.mitutoyo.co.jp","","false"
"13.225.251.85","smile.amazon.com","","","","","amazonsmile.com|smile.amazon.com|www.amazonsmile.com|origin-smile.amazon.com","","false"
"13.225.250.223","adac-onboard.production.b2c-banking-default.aws.solarisbank.io","","","","","adac-onboard.production.b2c-banking-default.aws.solarisbank.io|adac-onboarding-web.production.b2c-banking-default.aws.solarisbank.io","","false"
"13.225.251.13","*.cloudfront.net","","","","","cloudfront.net|*.cloudfront.net","","false"
"13.225.250.218","c.amazon-adsystem.com","","","","","c.amazon-adsystem.com","","false"
"13.225.250.250","albtls.t.co","Twitter, Inc.","US","San Francisco","California","albtls.t.co|*.albtls.t.co","","false"
"13.225.251.12","*.cloudfront.net","","","","","cloudfront.net|*.cloudfront.net","","false"
"13.225.250.229","lad.niotp.com","Nestlé Ltd","CH","Vevey","Vaud","lad.niotp.com|www.lad.niotp.com","","false"
"13.225.250.227","*.littlstar.com","","","","","*.littlstar.com|littlstar.com","","false"
"13.225.251.67","*.file.samsungcloud.com","Samsung Electronics Co., Ltd.","KR","","Gyeonggi-do","*.file.samsungcloud.com|file.samsungcloud.com","","false"
"13.225.250.228","test.dashboard.bandwidth.com","","","","","test.dashboard.bandwidth.com|*.test.dashboard.bandwidth.com","","false"
"13.225.251.11","*.cloudfront.net","","","","","cloudfront.net|*.cloudfront.net","","false"
"13.225.250.226","www.abc-mart.net","ABC-MART,INC.","JP","Shibuya-ku","Tokyo","www.abc-mart.net|abc-mart.net","","false"
"13.225.250.253","ip-hoarder.cloudfront.aws.dev","","","","","ip-hoarder.cloudfront.aws.dev|*.ip-hoarder.cloudfront.aws.dev","","false"
"13.225.250.244","ip-hoarder.cloudfront.aws.dev","","","","","ip-hoarder.cloudfront.aws.dev|*.ip-hoarder.cloudfront.aws.dev","","false"
"13.225.251.31","*.cloudfront.net","","","","","cloudfront.net|*.cloudfront.net","","false"
"13.225.250.254","ip-hoarder.cloudfront.aws.dev","","","","","ip-hoarder.cloudfront.aws.dev|*.ip-hoarder.cloudfront.aws.dev","","false"
"13.225.250.252","*.schoology.com","","","","","*.schoology.com","","false"
"13.225.250.224","api.msg.ue1.a.app.chime.aws","","","","","api.msg.ue1.a.app.chime.aws|service-api.msg.ue1.a.app.chime.aws","","false"
"13.225.251.97","*.abcmouse.com","","","","","*.abcmouse.com|abcmouse.com","","false"
"13.225.250.240","ip-hoarder.cloudfront.aws.dev","","","","","ip-hoarder.cloudfront.aws.dev|*.ip-hoarder.cloudfront.aws.dev","","false"
"13.225.251.92","dashboard.bandwidth.com","","","","","dashboard.bandwidth.com|*.dashboard.bandwidth.com","","false"
"13.225.251.21","*.cloudfront.net","","","","","cloudfront.net|*.cloudfront.net","","false"
"13.225.250.241","ip-hoarder.cloudfront.aws.dev","","","","","ip-hoarder.cloudfront.aws.dev|*.ip-hoarder.cloudfront.aws.dev","","false"
"13.225.251.17","*.cloudfront.net","","","","","cloudfront.net|*.cloudfront.net","","false"
"13.225.251.98","*.iot.irobotapi.com","iRobot Corporation","US","Bedford","Massachusetts","*.iot.irobotapi.com","","false"
"13.225.251.96","*.binance.sg","","","","","*.binance.sg","","false"
"13.225.249.250","ip-hoarder.cloudfront.aws.dev","","","","","ip-hoarder.cloudfront.aws.dev|*.ip-hoarder.cloudfront.aws.dev","","false"
"13.225.251.95","binance.me","","","","","binance.me|*.binance.me|*.binance.info|binance.info","","false"
"13.225.251.7","*.cloudfront.net","","","","","cloudfront.net|*.cloudfront.net","","false"
"13.225.250.213","webview-jp.bh3.com","","","","","webview-jp.bh3.com","","false"
"13.225.252.28","*.cloudfront.net","","","","","cloudfront.net|*.cloudfront.net","","false"
"13.225.251.24","*.cloudfront.net","","","","","cloudfront.net|*.cloudfront.net","","false"
"13.225.252.6","*.cloudfront.net","","","","","cloudfront.net|*.cloudfront.net","","false"
"13.225.252.8","*.cloudfront.net","","","","","cloudfront.net|*.cloudfront.net","","false"
"13.225.251.4","*.cloudfront.net","","","","","cloudfront.net|*.cloudfront.net","","false"
"13.225.251.32","*.cloudfront.net","","","","","cloudfront.net|*.cloudfront.net","","false"
"13.225.251.8","*.cloudfront.net","","","","","cloudfront.net|*.cloudfront.net","","false"
"13.225.251.26","*.cloudfront.net","","","","","cloudfront.net|*.cloudfront.net","","false"
"13.225.251.10","*.cloudfront.net","","","","","cloudfront.net|*.cloudfront.net","","false"
"13.225.251.9","*.cloudfront.net","","","","","cloudfront.net|*.cloudfront.net","","false"
"13.225.251.2","*.cloudfront.net","","","","","cloudfront.net|*.cloudfront.net","","false"
"13.225.251.80","*.computinginthecore.org","","","","","*.computinginthecore.org|computinginthecore.org","","false"
"13.225.252.17","*.cloudfront.net","","","","","cloudfront.net|*.cloudfront.net","","false"
"13.225.251.77","aws.amazon.com","","","","","aws.amazon.com|www.aws.amazon.com|aws-us-east-1.amazon.com|aws-us-west-2.amazon.com|amazonaws-china.com|www.amazonaws-china.com|1.aws-lbr.amazonaws.com","","false"
"13.225.252.9","*.cloudfront.net","","","","","cloudfront.net|*.cloudfront.net","","false"
"13.225.251.3","*.cloudfront.net","","","","","cloudfront.net|*.cloudfront.net","","false"
"13.225.251.29","*.cloudfront.net","","","","","cloudfront.net|*.cloudfront.net","","false"
"13.225.251.16","*.cloudfront.net","","","","","cloudfront.net|*.cloudfront.net","","false"
"13.225.251.84","rest.immobilienscout24.de","","","","","rest.immobilienscout24.de","","false"
"13.225.251.33","*.cloudfront.net","","","","","cloudfront.net|*.cloudfront.net","","false"
"13.225.250.247","ip-hoarder.cloudfront.aws.dev","","","","","ip-hoarder.cloudfront.aws.dev|*.ip-hoarder.cloudfront.aws.dev","","false"
"13.225.251.91","one.accedo.tv","","","","","one.accedo.tv|*.one.accedo.tv|*.eu.one.accedo.tv|eu.one.accedo.tv|*.cloud.accedo.tv|*.appgrid.accedo.tv","","false"
"13.225.251.28","*.cloudfront.net","","","","","cloudfront.net|*.cloudfront.net","","false"
"13.225.251.90","pro.imdb.com","","","","","imbd-pro.net|imdb-pro.net|imdb.me|imdbpro.com|imdbresume.com|origin-pro.imdb.com|pro-labs.imdb.com|pro.imdb.com|resume.imdb.com|www.imbd-pro.net|www.imdb-pro.net|www.imdb.me|www.imdbpro.com|www.imdbresume.com|imdb-pro.com|www.imdb-pro.com|www.imdb.pro|imdb.pro","","false"
"13.225.251.93","*.izettle.com","","","","","*.izettle.com|izettle.com","","false"
"13.225.251.19","*.cloudfront.net","","","","","cloudfront.net|*.cloudfront.net","","false"
"13.225.251.27","*.cloudfront.net","","","","","cloudfront.net|*.cloudfront.net","","false"
"13.225.251.89","www.amazon.de","","","","","amazon.de|www.amazon.de|origin-www.amazon.de|p-nt-www-amazon-de-kalias.amazon.de|p-yo-www-amazon-de-kalias.amazon.de|p-y3-www-amazon-de-kalias.amazon.de","","false"
"13.225.251.99","*.docebosaas.com","","","","","*.docebosaas.com","","false"
"13.225.251.86","m.imdb.com","","","","","origin-m.imdb.com|m.imdb.com|m.imdb.com.cdn.amazon.com|opf-m.imdb.com","","false"
"13.225.251.25","*.cloudfront.net","","","","","cloudfront.net|*.cloudfront.net","","false"
"13.225.251.20","*.cloudfront.net","","","","","cloudfront.net|*.cloudfront.net","","false"
"13.225.251.81","*.code.org","","","","","*.code.org|code.org","","false"
"13.225.251.18","*.cloudfront.net","","","","","cloudfront.net|*.cloudfront.net","","false"
"13.225.252.18","*.cloudfront.net","","","","","cloudfront.net|*.cloudfront.net","","false"
"13.225.251.88","www.audible.com.au","","","","","www.audible.com.au|audible.com.au|origin-www.audible.com.au","","false"
"13.225.252.5","*.cloudfront.net","","","","","cloudfront.net|*.cloudfront.net","","false"
"13.225.251.94","*.line-scdn.net","","","","","*.line-scdn.net|*.linegame.jp|*.line-apps.com|*.line.me|rr.img1.naver.jp|*.linecorp.com|rr.img.line.naver.jp|rr.img.naver.jp|*.line-beta.me|*.naver.jp|*.line-apps-beta.com|*.line.naver.jp","","false"
"13.225.251.22","*.cloudfront.net","","","","","cloudfront.net|*.cloudfront.net","","false"
"13.225.252.4","*.cloudfront.net","","","","","cloudfront.net|*.cloudfront.net","","false"
"13.225.252.3","*.cloudfront.net","","","","","cloudfront.net|*.cloudfront.net","","false"
"13.225.252.95","binance.me","","","","","binance.me|*.binance.me|*.binance.info|binance.info","","false"
"13.225.252.10","*.cloudfront.net","","","","","cloudfront.net|*.cloudfront.net","","false"
"13.225.252.7","*.cloudfront.net","","","","","cloudfront.net|*.cloudfront.net","","false"
"13.225.252.13","*.cloudfront.net","","","","","cloudfront.net|*.cloudfront.net","","false"
"13.225.252.12","*.cloudfront.net","","","","","cloudfront.net|*.cloudfront.net","","false"
"13.225.252.2","*.cloudfront.net","","","","","cloudfront.net|*.cloudfront.net","","false"
"13.225.252.90","pro.imdb.com","","","","","imbd-pro.net|imdb-pro.net|imdb.me|imdbpro.com|imdbresume.com|origin-pro.imdb.com|pro-labs.imdb.com|pro.imdb.com|resume.imdb.com|www.imbd-pro.net|www.imdb-pro.net|www.imdb.me|www.imdbpro.com|www.imdbresume.com|imdb-pro.com|www.imdb-pro.com|www.imdb.pro|imdb.pro","","false"
"13.225.252.84","rest.immobilienscout24.de","","","","","rest.immobilienscout24.de","","false"
"13.225.252.81","*.code.org","","","","","*.code.org|code.org","","false"
"13.225.252.97","*.abcmouse.com","","","","","*.abcmouse.com|abcmouse.com","","false"
"13.225.252.94","*.line-scdn.net","","","","","*.line-scdn.net|*.linegame.jp|*.line-apps.com|*.line.me|rr.img1.naver.jp|*.linecorp.com|rr.img.line.naver.jp|rr.img.naver.jp|*.line-beta.me|*.naver.jp|*.line-apps-beta.com|*.line.naver.jp","","false"
"13.225.252.93","*.izettle.com","","","","","*.izettle.com|izettle.com","","false"
"13.225.252.80","*.computinginthecore.org","","","","","*.computinginthecore.org|computinginthecore.org","","false"
"13.225.252.77","aws.amazon.com","","","","","aws.amazon.com|www.aws.amazon.com|aws-us-east-1.amazon.com|aws-us-west-2.amazon.com|amazonaws-china.com|www.amazonaws-china.com|1.aws-lbr.amazonaws.com","","false"
"13.225.252.83","api.amazonalexa.com","","","","","origin-api.amazonalexa.com|api.amazonalexa.com","","false"
"13.225.252.87","api.fe.amazonalexa.com","","","","","origin-api.fe.amazonalexa.com|api.fe.amazonalexa.com","","false"
"13.225.252.27","*.cloudfront.net","","","","","cloudfront.net|*.cloudfront.net","","false"
"13.225.252.11","*.cloudfront.net","","","","","cloudfront.net|*.cloudfront.net","","false"
"13.225.252.91","one.accedo.tv","","","","","one.accedo.tv|*.one.accedo.tv|*.eu.one.accedo.tv|eu.one.accedo.tv|*.cloud.accedo.tv|*.appgrid.accedo.tv","","false"
"13.225.252.23","*.cloudfront.net","","","","","cloudfront.net|*.cloudfront.net","","false"
"13.225.251.30","*.cloudfront.net","","","","","cloudfront.net|*.cloudfront.net","","false"
"13.225.252.92","dashboard.bandwidth.com","","","","","dashboard.bandwidth.com|*.dashboard.bandwidth.com","","false"
"13.225.252.82","coincheck.com","","","","","coincheck.com|coincheck.jp|*.coincheck.jp|*.coincheck.com","","false"
"13.225.252.99","*.docebosaas.com","","","","","*.docebosaas.com","","false"
"13.225.252.33","*.cloudfront.net","","","","","cloudfront.net|*.cloudfront.net","","false"
"13.225.252.24","*.cloudfront.net","","","","","cloudfront.net|*.cloudfront.net","","false"
"13.225.252.19","*.cloudfront.net","","","","","cloudfront.net|*.cloudfront.net","","false"
"13.225.252.25","*.cloudfront.net","","","","","cloudfront.net|*.cloudfront.net","","false"
"13.225.252.85","smile.amazon.com","","","","","amazonsmile.com|smile.amazon.com|www.amazonsmile.com|origin-smile.amazon.com","","false"
"13.225.252.32","*.cloudfront.net","","","","","cloudfront.net|*.cloudfront.net","","false"
"13.225.251.23","*.cloudfront.net","","","","","cloudfront.net|*.cloudfront.net","","false"
"13.225.252.16","*.cloudfront.net","","","","","cloudfront.net|*.cloudfront.net","","false"
"13.225.252.98","*.iot.irobotapi.com","iRobot Corporation","US","Bedford","Massachusetts","*.iot.irobotapi.com","","false"
"13.225.252.88","www.audible.com.au","","","","","www.audible.com.au|audible.com.au|origin-www.audible.com.au","","false"
"13.225.252.31","*.cloudfront.net","","","","","cloudfront.net|*.cloudfront.net","","false"
"13.225.252.89","www.amazon.de","","","","","amazon.de|www.amazon.de|origin-www.amazon.de|p-nt-www-amazon-de-kalias.amazon.de|p-yo-www-amazon-de-kalias.amazon.de|p-y3-www-amazon-de-kalias.amazon.de","","false"
"13.225.252.20","*.cloudfront.net","","","","","cloudfront.net|*.cloudfront.net","","false"
"13.225.252.86","m.imdb.com","","","","","origin-m.imdb.com|m.imdb.com|m.imdb.com.cdn.amazon.com|opf-m.imdb.com","","false"
"13.225.252.30","*.cloudfront.net","","","","","cloudfront.net|*.cloudfront.net","","false"
"13.225.252.96","*.binance.sg","","","","","*.binance.sg","","false"
"13.225.252.21","*.cloudfront.net","","","","","cloudfront.net|*.cloudfront.net","","false"
"13.225.251.82","coincheck.com","","","","","coincheck.com|coincheck.jp|*.coincheck.jp|*.coincheck.com","","false"
"13.225.253.39","image.ellotte.com","","","","","image.ellotte.com","","false"
"13.225.253.45","signatures.juniper.net","","","","","signatures.juniper.net|sus-prod.junipercloud.net|sus-prod-r53.junipercloud.net|sus-prod-cdn.junipercloud.net|services.netscreen.com","","false"
"13.225.253.46","*.sodexomyway.com","","","","","*.sodexomyway.com","","false"
"13.225.252.29","*.cloudfront.net","","","","","cloudfront.net|*.cloudfront.net","","false"
"13.225.253.56","*.smartrecruiters.com","","","","","*.smartrecruiters.com|smartrecruiters.com","","false"
"13.225.253.51","offlinepay.amazon.in","","","","","offlinepay.amazon.in","","false"
"13.225.252.15","*.cloudfront.net","","","","","cloudfront.net|*.cloudfront.net","","false"
"13.225.252.26","*.cloudfront.net","","","","","cloudfront.net|*.cloudfront.net","","false"
"13.225.253.109","*.myfonts-beta.com","Monotype Imaging Inc.","US","Woburn","Massachusetts","*.myfonts-beta.com|myfonts-beta.com","","false"
"13.225.253.63","aax-dtb-mobile-cf.amazon-adsystem.com","","","","","aax.amazon-adsystem.com|aax-dtb-mobile-poc.amazon-adsystem.amazon.com|aax-dtb-mobile-cf.amazon-adsystem.com|aax-dtb-cf.amazon-adsystem.amazon.com|aax-dtb-cf.amazon-adsystem.com","","false"
"13.225.253.130","w-cert-test.net","","","","","*.w-cert-test.net|w-cert-test.net","","false"
"13.225.253.20","cloudservices.qa.roku.com","Roku","US","San Jose","California","cloudservices.qa.roku.com","","false"
"13.225.253.146","*.teamviewer.com","","","","","*.teamviewer.com|teamviewer.com","","false"
"13.225.253.65","www.mopita.com","MTI Ltd.","JP","Shinjuku-ku","Tokyo","www.mopita.com","","false"
"13.225.253.144","*.accordiagolf.com","","","","","*.accordiagolf.com","","false"
"13.225.252.22","*.cloudfront.net","","","","","cloudfront.net|*.cloudfront.net","","false"
"13.225.253.132","*.vistarmedia.com","","","","","*.vistarmedia.com","","false"
"13.225.253.60","prcp.pass.auone.jp","","","","","prcp.pass.auone.jp","","false"
"13.225.253.7","*.dta.netflix.com","Netflix, Inc.","US","Los Gatos","California","*.dta.netflix.com|*.dta.netflix.net","","false"
"13.225.253.18","s3.ak.mp4l.us.aiv-cdn.net","Amazon.com, Inc.","US","Seattle","Washington","s3.ak.mp4l.us.aiv-cdn.net","","false"
"13.225.253.113","cdn01.blendlabs.com","","","","","cdn01.blendlabs.com","","false"
"13.225.253.116","*.furusato-token.jp","","","","","*.furusato-token.jp","","false"
"13.225.253.138","*.playnccdn.com","","","","","*.playnccdn.com","","false"
"13.225.253.127","oneblood.org","","","","","oneblood.org|*.oneblood.org","","false"
"13.225.253.142","prd1.cdn.pengine.revtech.glulive.com","","","","","prd1.cdn.pengine.revtech.glulive.com","","false"
"13.225.253.135","read.amazon.co.jp","","","","","read.amazon.co.jp|origin-read.amazon.co.jp","","false"
"13.225.253.119","*.secb2b.com","Samsung Electronics Co., Ltd.","KR","","Gyeonggi-do","*.secb2b.com|secb2b.com","","false"
"13.225.253.67","notice.purchasingpower.com","","","","","notice.purchasingpower.com","","false"
"13.225.253.134","dev.api.mistore.jp","","","","","dev.api.mistore.jp|login.dev.api.mistore.jp|dev.extlb.api.mistore.jp","","false"
"13.225.253.81","sso.pokemon.com","The Pokemon Company International, Inc.","US","Bellevue","Washington","sso.pokemon.com","","false"
"13.225.253.126","*.codepipeline-esg.moodys.com","Moody's Corporation","US","New York","New York","*.codepipeline-esg.moodys.com","","false"
"13.225.253.73","adac-onboard.staging.b2c-banking-default.aws.solarisbank.io","","","","","adac-onboard.staging.b2c-banking-default.aws.solarisbank.io|adac-onboarding-web.staging.b2c-banking-default.aws.solarisbank.io","","false"
"13.225.253.125","pp.s3.ringcentral.com","","","","","pp.s3.ringcentral.com|www.pp.s3.ringcentral.com","","false"
"13.225.253.69","kindle-digital-delivery.amazon.com","","","","","kindle-digital-delivery.amazon.com","","false"
"13.225.253.158","*.maplarge.com","","","","","*.maplarge.com|maplarge.com","","false"
"13.225.253.76","*.jamcity.com","","","","","*.jamcity.com|jamcity.com","","false"
"13.225.253.139","*.beyecdn.net","","","","","*.beyecdn.net|beyecdn.net","","false"
"13.225.253.72","staticapp.icpsc.com","","","","","staticapp.icpsc.com|www.staticapp.icpsc.com","","false"
"13.225.253.157","*.arkoselabs.com","","","","","*.arkoselabs.com|*.swipeads.co|swipeads.co|arkoselabs.com|*.funcaptcha.com|funcaptcha.com","","false"
"13.225.253.78","cocochain.id","","","","","cocochain.id","","false"
"13.225.253.149","beta.awsapps.com","","","","","beta.awsapps.com|*.beta.awsapps.com|beta.awsapps.net|*.beta.awsapps.net","","false"
"13.225.253.79","*.realisticgames.co.uk","","","","","*.realisticgames.co.uk|realisticgames.co.uk","","false"
"13.225.253.121","test-demo.workshop.testtest.vme360.com","","","","","test-demo.workshop.testtest.vme360.com","","false"
"13.225.253.82","*.eufylife.com","","","","","*.eufylife.com|eufylife.com","","false"
"13.225.253.131","docs.predix.io","GE Digital LLC","US","San Ramon","California","docs.predix.io|www.docs.predix.io","","false"
"13.225.253.10","live-demo.awsevents.com","","","","","live-demo.awsevents.com","","false"
"13.225.253.90","riesling.reactor-beta.e.chainalysis.com","","","","","riesling.reactor-beta.e.chainalysis.com|field.beta.chainalysis.com","","false"
"13.225.253.70","*.docomo-analytics.com","NTT DOCOMO, INC.","JP","Chiyoda-ku","Tokyo-to","*.docomo-analytics.com|docomo-analytics.com","","false"
"13.225.253.133","more.londonhasfallen.com","","","","","more.londonhasfallen.com","","false"
"13.225.253.80","aax-us-west.amazon.com","","","","","aax-us-west.amazon.com|origin-aax-us-west.amazon.com","","false"
"13.225.252.14","*.cloudfront.net","","","","","cloudfront.net|*.cloudfront.net","","false"
"13.225.253.85","*.cloud.accedo.tv","","","","","*.cloud.accedo.tv|cloud.accedo.tv","","false"
"13.225.253.124","cdn.hands.net","","","","","cdn.hands.net","","false"
"13.225.253.86","*.diceplatform.com","","","","","*.diceplatform.com|diceplatform.com","","false"
"13.225.253.112","tvespa.clarion.co.jp","Faurecia Clarion Electronics Co., Ltd.","JP","SAITAMA-SHI","SAITAMA","tvespa.clarion.co.jp","","false"
"13.225.253.74","cdn.integ.euid.eu","","","","","cdn.integ.euid.eu","","false"
"13.225.253.88","*.digital-payments.qa.aws.intranet.pagseguro.uol","","","","","*.digital-payments.qa.aws.intranet.pagseguro.uol","","false"
"13.225.253.52","stage4.ota.ing.carrier.com","","","","","stage4.ota.ing.carrier.com","","false"
"13.225.253.98","*.tapad.com","Tapad, Inc.","US","New York","New York","*.tapad.com|tapad.com","","false"
"13.225.253.19","*.flipagramcdn.com","","","","","*.flipagramcdn.com|flipagramcdn.com","","false"
"13.225.253.64","*.innov8.space","","","","","*.innov8.space","","false"
"13.225.253.22","camp-fire.jp","","","","","camp-fire.jp|*.camp-fire.jp","","false"
"13.225.253.43","*.siedev.net","Sony Interactive Entertainment LLC","US","San Mateo","California","*.siedev.net|siedev.net","","false"
"13.225.253.104","sensors.traderwagon.cloud","","","","","sensors.traderwagon.cloud|*.traderwagon.cloud","","false"
"13.225.253.100","*.elumeninsights.com","eLumen, Inc.","US","Minneapolis","Minnesota","*.elumeninsights.com|elumeninsights.com","","false"
"13.225.253.50","dolphin-fe-preprod.amazon.com","","","","","dolphin-fe-preprod.amazon.com|origin-dolphin-fe-preprod.amazon.com","","false"
"13.225.253.49","*.paltalk.com","PALTALK, INC.","US","New York","New York","*.paltalk.com|paltalk.com","","false"
"13.225.253.245","ip-hoarder.cloudfront.aws.dev","","","","","ip-hoarder.cloudfront.aws.dev|*.ip-hoarder.cloudfront.aws.dev","","false"
"13.225.253.89","bbedge2p-light.iotconnectup.com","FUJIFILM Business Innovation Corp.","JP","Minato-ku","Tokyo","bbedge2p-light.iotconnectup.com","","false"
"13.225.253.117","*.awsapps.com","","","","","*.awsapps.com|*.awsapps.net","","false"
"13.225.253.97","unrealengine.com","","","","","unrealengine.com|*.unrealengine.com","","false"
"13.225.253.48","*.whopper.com","Burger King Corporation","US","Miami","FL","*.whopper.com|whopper.com","","false"
"13.225.253.107","pki.apps.airliquide.com","AIR LIQUIDE SA POUR ETUDE EXPLOIT DES PROCEDES GEORGES CLAUDE","FR","PARIS","Île-de-France","pki.apps.airliquide.com","","false"
"13.225.253.148","cycle.web.docomo.ne.jp","","","","","cycle.web.docomo.ne.jp|*.cycle.web.docomo.ne.jp","","false"
"13.225.253.200","hbfiles.com","","","","","hbfiles.com|*.hbfiles.com","","false"
"13.225.253.123","*.samsungsmartcam.com","","","","","*.samsungsmartcam.com","","false"
"13.225.253.150","a0.awsstatic.com","","","","","a0.awsstatic.com","","false"
"13.225.252.67","*.file.samsungcloud.com","Samsung Electronics Co., Ltd.","KR","","Gyeonggi-do","*.file.samsungcloud.com|file.samsungcloud.com","","false"
"13.225.253.159","*.awsapps.com","","","","","*.awsapps.com|*.awsapps.net","","false"
"13.225.253.155","fwdl-mivo400.mitel.com","Mitel Networks Corporation","CA","Kanata","Ontario","fwdl-mivo400.mitel.com|www.fwdl-mivo400.mitel.com","","false"
"13.225.253.12","www.referapatient.org","Bloomsbury Health Limited","GB","London","","www.referapatient.org|referapatient.org|www.referapatient.net","","false"
"13.225.253.31","*.arrange.jalan.net","Recruit Co., Ltd.","JP","Chiyoda-ku","Tokyo","*.arrange.jalan.net","","false"
"13.225.253.32","*.ebookstore.sony.jp","","","","","*.ebookstore.sony.jp","","false"
"13.225.253.38","*.hungama.com","","","","","*.hungama.com|*.bollywoodhungama.com","","false"
"13.225.253.21","*.codepipeline-esg.moodys.com","Moody's Corporation","US","New York","New York","*.codepipeline-esg.moodys.com","","false"
"13.225.253.136","*.n-ship.jp","NEXCO System Solutions Company Limited","JP","Shinjuku-ku","Tokyo","*.n-ship.jp|n-ship.jp","","false"
"13.225.253.15","main.cdn.wish.com","ContextLogic Inc.","US","San Francisco","California","main.cdn.wish.com|contestimg.wish.com|main.cdn.merchant.wish.com|video.wish.com","","false"
"13.225.253.95","*.1rx.io","","","","","*.1rx.io|1rx.io","","false"
"13.225.253.28","smxuat-test.nikecloud.com","","","","","smxuat-test.nikecloud.com","","false"
"13.225.253.110","v.show","","","","","v.show|*.v.show","","false"
"13.225.253.6","*.34fh-res.co.jp","","","","","*.34fh-res.co.jp","","false"
"13.225.253.37","biomerics.com","","","","","biomerics.com|*.biomerics.com","","false"
"13.225.253.58","*.we-stats.com","","","","","*.we-stats.com|we-stats.com","","false"
"13.225.253.35","*.i-ready.com","","","","","*.i-ready.com|*.motionmathgames.com","","false"
"13.225.253.44","clients.chime.aws","","","","","clients.chime.aws","","false"
"13.225.254.31","*.globalindustrial.com","Global Industrial Distribution Inc.","US","Port Washington","New York","*.globalindustrial.com|globalindustrial.com","","false"
"13.225.254.26","*.tosconfig.com","","","","","*.tosconfig.com","","false"
"13.225.253.8","predix.io","GE Digital LLC","US","San Ramon","California","predix.io|www.predix.io|assets.predix.io|console.predix.io|devconsole.predix.io|develop.predix.io|marketplace.predix.io|stage.predix.io|stageconsole.predix.io","","false"
"13.225.254.27","*.binance.us","BAM TRADING SERVICES INC.","US","Palo Alto","California","*.binance.us|binance.us","","false"
"13.225.253.202","*.unplugdining.com","","","","","*.unplugdining.com","","false"
"13.225.254.38","olt-content-supplements.sans.org","","","","","olt-content-supplements.sans.org","","false"
"13.225.253.53","*.globalcitizen.org","","","","","*.globalcitizen.org|globalcitizen.org","","false"
"13.225.254.42","*.t.job.mynavi.jp","Mynavi Corporation","JP","Chiyoda-ku","Tokyo","*.t.job.mynavi.jp","","false"
"13.225.253.55","inteleradcloud.com","","","","","inteleradcloud.com|netbox.inteleradcloud.com|oob.inteleradcloud.com","","false"
"13.225.253.201","s0.awsstatic.com","","","","","s0.awsstatic.com","","false"
"13.225.254.44","images-na.ssl-images-amazon.com","","","","","images-na.ssl-images-amazon.com|m.media-amazon.com|images-fe.ssl-images-amazon.com|images-eu.ssl-images-amazon.com|ia.media-imdb.com|f.media-amazon.com|images.amazon.com|g-images.amazon.com","","false"
"13.225.253.208","strategyday2021.unicredit.eu","UniCredit S.p.A.","IT","Milano","Milano","strategyday2021.unicredit.eu","","false"
"13.225.254.24","point.mercadopago.com","Mercadolibre S.R.L.","AR","Buenos Aires","","point.mercadopago.com","","false"
"13.225.253.246","ip-hoarder.cloudfront.aws.dev","","","","","ip-hoarder.cloudfront.aws.dev|*.ip-hoarder.cloudfront.aws.dev","","false"
"13.225.253.192","*.gdl.imtxwy.com","","","","","*.gdl.imtxwy.com","","false"
"13.225.253.191","updates.lacework.net","","","","","updates.lacework.net","","false"
"13.225.254.131","avatax.avalara.net","Avalara, Inc","US","Seattle","Washington","avatax.avalara.net|*.avalara.net|*.avatax.com","","false"
"13.225.253.209","*.awsapps.com","","","","","*.awsapps.com|*.awsapps.net","","false"
"13.225.253.225","www.amazon.ca","","","","","amazon.ca|www.amazon.ca|origin-www.amazon.ca|p-nt-www-amazon-ca-kalias.amazon.ca|p-yo-www-amazon-ca-kalias.amazon.ca|p-y3-www-amazon-ca-kalias.amazon.ca","","false"
"13.225.253.247","ip-hoarder.cloudfront.aws.dev","","","","","ip-hoarder.cloudfront.aws.dev|*.ip-hoarder.cloudfront.aws.dev","","false"
"13.225.253.248","ip-hoarder.cloudfront.aws.dev","","","","","ip-hoarder.cloudfront.aws.dev|*.ip-hoarder.cloudfront.aws.dev","","false"
"13.225.253.215","*.awsapps.com","","","","","*.awsapps.com|*.awsapps.net","","false"
"13.225.253.205","stage-pinning-02.secb2b.com","Samsung Electronics","KR","Suwon","Kyungkido","stage-pinning-02.secb2b.com","","false"
"13.225.254.56","client.legacy-app.games.a2z.com","","","","","origin-client.legacy-app.games.a2z.com|client.legacy-app.games.a2z.com","","false"
"13.225.254.57","*.adtpulseaws.net","","","","","*.adtpulseaws.net|adtpulseaws.net","","false"
"13.225.254.53","*.indigoag.net","","","","","*.indigoag.net","","false"
"13.225.254.87","aloseguro.com","","","","","aloseguro.com|*.aloseguro.com","","false"
"13.225.254.66","*.orbits.pro","","","","","*.orbits.pro","","false"
"13.225.254.63","*.perfeggsgame.com","","","","","*.perfeggsgame.com|perfeggsgame.com","","false"
"13.225.254.50","*.dmp.tconnect.jp","","","","","*.dmp.tconnect.jp|dmp.tconnect.jp","","false"
"13.225.254.80","ilearn.robertwalters.com","Robert Walters PLC","GB","London","London","ilearn.robertwalters.com","","false"
"13.225.254.82","cdn.fccc.info","DWANGO Co.,Ltd.","JP","Chuo-ku","Tokyo","cdn.fccc.info","","false"
"13.225.253.233","*.sbx.np-sap-tc.com","","","","","*.sbx.np-sap-tc.com","","false"
"13.225.253.229","*.admint.jp","Digital-Cruise","JP","Chiyoda-ku","Tokyo","*.admint.jp|admint.jp","","false"
"13.225.254.69","www.audible.it","","","","","www.audible.it|audible.it|origin-www.audible.it","","false"
"13.225.253.216","st.pass.auone.jp","","","","","st.pass.auone.jp","","false"
"13.225.253.228","*.mpsdk.easebar.com","","","","","*.mpsdk.easebar.com","","false"
"13.225.253.219","api.msg.ue1.b.app.chime.aws","","","","","api.msg.ue1.b.app.chime.aws|hooks.b.chime.aws|service-api.msg.ue1.b.app.chime.aws|hooks.ue1.b.app.chime.aws|hooks.b.app.chime.aws|hooks.ue1.b.chime.aws","","false"
"13.225.253.230","savefile.squirreltycoon.com","","","","","savefile.squirreltycoon.com","","false"
"13.225.253.231","*.riffsy.com","","","","","*.riffsy.com","","false"
"13.225.253.252","ip-hoarder.cloudfront.aws.dev","","","","","ip-hoarder.cloudfront.aws.dev|*.ip-hoarder.cloudfront.aws.dev","","false"
"13.225.253.207","*.amoad.com","","","","","*.amoad.com|amoad.com","","false"
"13.225.253.214","*.s3-turbo.amazonaws.com","","","","","*.s3-turbo.amazonaws.com|s3-turbo.amazonaws.com|*.s3-turbo.dualstack.amazonaws.com|s3-turbo.dualstack.amazonaws.com|*.cf-ofp-us-east-1.s3-turbo.amazonaws.com|*.cf-ofp-us-east-1a.s3-turbo.amazonaws.com|*.cf-ofp-us-east-1b.s3-turbo.amazonaws.com|*.cf-ofp-us-east-1c.s3-turbo.amazonaws.com|*.cf-ofp-us-east-1d.s3-turbo.amazonaws.com|*.cf-ofp-us-east-1e.s3-turbo.amazonaws.com|*.cf-ofp-us-east-1f.s3-turbo.amazonaws.com","","false"
"13.225.253.165","mi.mccarthylawyer.com","","","","","mi.mccarthylawyer.com","","false"
"13.225.253.211","*.mc2.bizppf.net","","","","","*.mc2.bizppf.net","","false"
"13.225.254.89","*.srv.ygles.com","CANON INC.","JP","Ota-Ku","Tokyo","*.srv.ygles.com","","false"
"13.225.253.176","*.kaltura.com","","","","","*.kaltura.com","","false"
"13.225.253.173","disneyparks.disney.go.com","Disney Enterprises, Inc","US","Seattle","Washington","disneyparks.disney.go.com","","false"
"13.225.253.204","dev.d-hrp.com","","","","","dev.d-hrp.com","","false"
"13.225.253.166","*.travelhook.com","","","","","*.travelhook.com","","false"
"13.225.253.182","logistics.amazon.com","","","","","logistics.amazon.co.uk|logistics.amazon.com|www.logistics.amazon.co.uk|www.logistics.amazon.com|flex.amazon.com|be-logistics.amazon.fr|origin-logistics.amazon.com|origin-be-logistics.amazon.fr|www.be-logistics.amazon.fr|logistics.amazon.com.mx|www.logistics.amazon.com.mx|origin-logistics.amazon.com.mx|logistics.amazon.ca|www.logistics.amazon.ca|origin-logistics.amazon.ca|logistics.amazon.com.br|www.logistics.amazon.com.br|origin-logistics.amazon.com.br|origin-logistics.amazon.co.uk|logistics.amazon.es|www.logistics.amazon.es|origin-logistics.amazon.es|logistics.amazon.nl|www.logistics.amazon.nl|origin-logistics.amazon.nl|www.logistics.amazon.eg|logistics.amazon.eg|origin-logistics.amazon.eg|ie-logistics.amazon.co.uk|www.ie-logistics.amazon.co.uk|origin-ie-logistics.amazon.co.uk|flex.amazon.es|flex.amazon.ca|flex.amazon.com.mx|flex.amazon.co.uk|logistics.amazon.de|www.logistics.amazon.de|flex.amazon.de|origin-logistics.amazon.de|logistics.amazon.it|www.logistics.amazon.it|flex.amazon.it|origin-logistics.amazon.it|logistics.amazon.in|flex.amazon.in|www.logistics.amazon.in|origin-logistics.amazon.in|logistics.amazon.fr|www.logistics.amazon.fr|flex.amazon.fr|origin-logistics.amazon.fr|origin-at-logistics.amazon.de|www.at-logistics.amazon.de|at-logistics.amazon.de|origin-logistics.amazon.sa|www.logistics.amazon.sa|logistics.amazon.sa|logistics.amazon.com.tr|www.logistics.amazon.com.tr|origin-www.logistics.amazon.com.tr|origin-logistics.amazon.ae|www.logistics.amazon.ae|logistics.amazon.ae|logistics.amazon.co.jp|flex.amazon.co.jp|www.logistics.amazon.co.jp|origin-logistics.amazon.co.jp|logistics.amazon.com.au|flex.amazon.com.au|www.logistics.amazon.com.au|origin-logistics.amazon.com.au|logistics.amazon.com.sg|www.logistics.amazon.com.sg|flex.amazon.com.sg|origin-logistics.amazon.com.sg|www.logistics.amazon.pt|logistics.amazon.pt|origin-logistics.amazon.pt","","false"
"13.225.253.235","api.eu.amazonalexa.com","","","","","origin-api.eu.amazonalexa.com|api.eu.amazonalexa.com","","false"
"13.225.253.243","ip-hoarder.cloudfront.aws.dev","","","","","ip-hoarder.cloudfront.aws.dev|*.ip-hoarder.cloudfront.aws.dev","","false"
"13.225.253.188","*.greenlight.guru","Greenlight Guru","US","Indianapolis","Indiana","*.greenlight.guru|greenlight.guru","","false"
"13.225.253.175","*.gdl.easebar.com","","","","","*.gdl.easebar.com|*.gph.easebar.com|*.gsf.easebar.com","","false"
"13.225.253.226","*.frp2.ovp.kaltura.com","","","","","*.frp2.ovp.kaltura.com","","false"
"13.225.253.227","dl.amazon.co.jp","","","","","dl.amazon.co.jp|dl.amazon.jp|dl-prod.pdx.amazon.com|dl.amazon.com.au|origin-dl.amazon.co.jp|origin-dl.amazon.jp|origin-dl-prod.pdx.amazon.com|origin-dl.amazon.com.au|dl.amazon.sg|origin-dl.amazon.sg","","false"
"13.225.254.70","*.skrill.com","Paysafe Group Limited","IM","Douglas","","*.skrill.com|skrill.com","","false"
"13.225.253.186","sandbox.dmkt-sp.jp","NTT DOCOMO,INC.","JP","Chiyoda-ku","Tokyo","sandbox.dmkt-sp.jp","","false"
"13.225.254.96","*.rfksrv.com","","","","","*.rfksrv.com","","false"
"13.225.253.187","flamingo.gomobile.jp","","","","","flamingo.gomobile.jp|*.flamingo.gomobile.jp","","false"
"13.225.254.128","www7.amazon.com","","","","","www7.amazon.com|origin-www7.amazon.com","","false"
"13.225.253.224","gfycat.com","","","","","gfycat.com|*.gfycat.com","","false"
"13.225.254.94","smx-prod.nikecloud.com","","","","","smx-prod.nikecloud.com","","false"
"13.225.253.177","*.xp-assets.aiv-cdn.net","","","","","*.xp-assets.aiv-cdn.net","","false"
"13.225.254.97","*.new-one.co.jp","","","","","*.new-one.co.jp","","false"
"13.225.253.172","update.synology.com","","","","","update.synology.com|www.update.synology.com","","false"
"13.225.254.127","*.eu.nosto.com","","","","","*.eu.nosto.com","","false"
"13.225.253.220","api.mistore.jp","","","","","api.mistore.jp|stg.api.mistore.jp|stg.extlb.api.mistore.jp|origin.login.stg.api.mistore.jp|origin.login.api.mistore.jp|login.api.mistore.jp|extlb.api.mistore.jp|login.stg.api.mistore.jp","","false"
"13.225.253.217","*.syapp.jp","","","","","*.syapp.jp|syapp.jp","","false"
"13.225.254.90","sq-tungsten-ts.amazon-adsystem.com","","","","","sq-tungsten-ts.amazon-adsystem.com|origin-sq-tungsten-ts.amazon-adsystem.com","","false"
"13.225.253.222","*.greenlight.guru","Greenlight Guru","US","Indianapolis","Indiana","*.greenlight.guru|greenlight.guru","","false"
"13.225.254.138","t.mail.optimumemail1.com","","","","","t.mail.optimumemail1.com|m.mail.optimumemail1.com","","false"
"13.225.253.181","views.putter.asapdev.mediba.jp","","","","","views.putter.asapdev.mediba.jp","","false"
"13.225.254.93","*.airtrack.jp","","","","","*.airtrack.jp|airtrack.jp","","false"
"13.225.253.241","ip-hoarder.cloudfront.aws.dev","","","","","ip-hoarder.cloudfront.aws.dev|*.ip-hoarder.cloudfront.aws.dev","","false"
"13.225.254.124","jdsukstaging.api.fluentretail.com","","","","","jdsukstaging.api.fluentretail.com|*.staging.connect.fluentretail.com|jdsuk.staging.console.fluentretail.com|jdsukstaging.servicepoint.fluentretail.com|*.jdsukstaging.connect.fluentretail.com|*.jdsukstaging.orchestration.fluentretail.com|jdsukstaging.connect.fluentretail.com|*.staging.api.fluentretail.com|*.staging.servicepoint.fluentretail.com|jdsuk.staging.orchestration.fluentretail.com|*.staging.console.fluentretail.com|*.jdsukstaging.api.fluentretail.com|jdsuk.staging.connect.fluentretail.com|*.staging.orchestration.fluentretail.com|*.jdsukstaging.console.fluentretail.com|*.jdsukstaging.servicepoint.fluentretail.com|jdsuk.staging.servicepoint.fluentretail.com|staging.api.fluentretail.com|jdsukstaging.orchestration.fluentretail.com|jdsukstaging.console.fluentretail.com","","false"
"13.225.254.2","test-tamatebako2.best-hp.jp","","","","","test-tamatebako2.best-hp.jp","","false"
"13.225.254.135","*.awsapps.com","","","","","*.awsapps.com|*.awsapps.net","","false"
"13.225.254.8","prod.iot-prod.corp.amway.net","Alticor, Inc","US","Ada Township","Michigan","prod.iot-prod.corp.amway.net|f.iot-prod.corp.amway.net|prod.blue.iot.iot-prod.corp.amway.net|prod.green.iot.iot-prod.corp.amway.net","","false"
"13.225.254.88","*.squarecdn.com","Square, Inc.","US","San Francisco","California","*.squarecdn.com|squarecdn.com|cdn.sq-api.com","","false"
"13.225.253.242","ip-hoarder.cloudfront.aws.dev","","","","","ip-hoarder.cloudfront.aws.dev|*.ip-hoarder.cloudfront.aws.dev","","false"
"13.225.254.134","*.moja.africa","","","","","*.moja.africa|*.moja.market","","false"
"13.225.253.244","ip-hoarder.cloudfront.aws.dev","","","","","ip-hoarder.cloudfront.aws.dev|*.ip-hoarder.cloudfront.aws.dev","","false"
"13.225.254.122","*.samsungknox.com","Samsung Electronics Co., Ltd.","KR","","Gyeonggi-do","*.samsungknox.com|samsungknox.com","","false"
"13.225.253.251","ip-hoarder.cloudfront.aws.dev","","","","","ip-hoarder.cloudfront.aws.dev|*.ip-hoarder.cloudfront.aws.dev","","false"
"13.225.253.167","paradoxplaza.com","","","","","paradoxplaza.com|*.paradoxplaza.com","","false"
"13.225.254.48","packageinserts.bms.com","BRISTOL-MYERS SQUIBB COMPANY","US","Pennington","New Jersey","packageinserts.bms.com|documents.bms.com|www.bms.com|www.connectregistries.com|www.workingtogetherforpatients.com|bms.com|www.bmsstudyconnect.ca|www.b-ms.de|fi.b-ms.de|www.bmsstudyconnect.com.au|www.bms.ch|bi.b-ms.de|www.bmsstudyconnect.de|bmscanada.ca|www1.bms.ch|www.bmscanada.ca|www.eventprivacypolicy.bms.com|horizont.bms.se|rmp.b-ms.de|workingtogetherforpatients.com|supplierlink.bms.com|www.bmsstudyconnect.com|annual-report.bms.com|connectregistries.com|bmsstudyconnect.ca|b-ms.de|bmsstudyconnect.com.au|bms.ch|bmsstudyconnect.de|eventprivacypolicy.bms.com|bmsstudyconnect.com|www.guiacamzyospaciente.com.br|www.guiacamzyosprescritor.com.br|guiacamzyospaciente.com.br|guiacamzyosprescritor.com.br|www.eupolicy.bms.com|eupolicy.bms.com|www.BMSmavasafetyinfo.ca|BMSmavasafetyinfo.ca|www.guideprescripteurcamzyos.fr|www.guidepatientcamzyos.fr|guideprescripteurcamzyos.fr|guidepatientcamzyos.fr","","false"
"13.225.254.13","*.tianmaoyihao5.com","","","","","*.tianmaoyihao5.com","","false"
"13.225.254.132","*.stg.pass.auone.jp","","","","","*.stg.pass.auone.jp|stg.pass.auone.jp","","false"
"13.225.253.169","*.nrd.netflix.com","Netflix, Inc.","US","Los Gatos","California","*.nrd.netflix.com","","false"
"13.225.253.240","ip-hoarder.cloudfront.aws.dev","","","","","ip-hoarder.cloudfront.aws.dev|*.ip-hoarder.cloudfront.aws.dev","","false"
"13.225.253.239","*.komoejoy.com","","","","","*.komoejoy.com|komoejoy.com","","false"
"13.225.254.17","slot-imas.jp","","","","","slot-imas.jp|*.slot-imas.jp","","false"
"13.225.254.12","aax-us-east.amazon.com","","","","","aax-us-east.amazon.com|origin-aax-us-east.amazon.com|aax-us-east.amazon.ca|aax-us-east.amazon.com.mx|aax-us-east.amazon.com.br","","false"
"13.225.254.18","*.adventureacademy.com","","","","","*.adventureacademy.com|adventureacademy.com","","false"
"13.225.254.10","gw.geoedge.be","","","","","gw.geoedge.be|gateway.geoedge.be|protect.geoedge.be","","false"
"13.225.253.162","*.endpoint.ubiquity.aws.a2z.com","","","","","*.endpoint.ubiquity.aws.a2z.com","","false"
"13.225.253.193","*.clearlinkdata.com","","","","","*.clearlinkdata.com","","false"
"13.225.254.16","rovedana.com","","","","","rovedana.com|*.rovedana.com|*.prod.rovedana.com","","false"
"13.225.253.195","*.flipagram.com","","","","","*.flipagram.com|flipagram.com","","false"
"13.225.254.19","www.virginmediao2.co.uk","","","","","www.virginmediao2.co.uk|virginmediao2.co.uk","","false"
"13.225.254.64","stage-files.bbystatic.com","","","","","stage-files.bbystatic.com","","false"
"13.225.254.188","perseus.de","","","","","perseus.de|*.perseus.de","","false"
"13.225.253.196","*.s3-accelerate.amazonaws.com","","","","","*.s3-accelerate.amazonaws.com|s3-accelerate.amazonaws.com|*.s3-accelerate.dualstack.amazonaws.com|s3-accelerate.dualstack.amazonaws.com|*.cf-ofp-us-east-1.s3-accelerate.amazonaws.com|*.cf-ofp-us-east-1a.s3-accelerate.amazonaws.com|*.cf-ofp-us-east-1b.s3-accelerate.amazonaws.com|*.cf-ofp-us-east-1c.s3-accelerate.amazonaws.com|*.cf-ofp-us-east-1d.s3-accelerate.amazonaws.com|*.cf-ofp-us-east-1e.s3-accelerate.amazonaws.com|*.cf-ofp-us-east-1f.s3-accelerate.amazonaws.com|*.cf-ofp-us-west-1.s3-accelerate.amazonaws.com|*.cf-ofp-us-west-1a.s3-accelerate.amazonaws.com|*.cf-ofp-us-west-1c.s3-accelerate.amazonaws.com|*.cf-ofp-ap-northeast-2.s3-accelerate.amazonaws.com|*.cf-ofp-ap-northeast-2a.s3-accelerate.amazonaws.com|*.cf-ofp-ap-northeast-2b.s3-accelerate.amazonaws.com|*.cf-ofp-ap-northeast-2c.s3-accelerate.amazonaws.com|*.cf-ofp-ap-northeast-1.s3-accelerate.amazonaws.com|*.cf-ofp-ap-northeast-1a.s3-accelerate.amazonaws.com|*.cf-ofp-ap-northeast-1c.s3-accelerate.amazonaws.com|*.cf-ofp-ap-northeast-1d.s3-accelerate.amazonaws.com|*.cf-ofp-sa-east-1.s3-accelerate.amazonaws.com|*.cf-ofp-sa-east-1a.s3-accelerate.amazonaws.com|*.cf-ofp-sa-east-1b.s3-accelerate.amazonaws.com|*.cf-ofp-sa-east-1c.s3-accelerate.amazonaws.com|*.cf-ofp-ap-southeast-1.s3-accelerate.amazonaws.com|*.cf-ofp-ap-southeast-1a.s3-accelerate.amazonaws.com|*.cf-ofp-ap-southeast-1b.s3-accelerate.amazonaws.com|*.cf-ofp-ap-southeast-1c.s3-accelerate.amazonaws.com|*.cf-ofp-ca-central-1.s3-accelerate.amazonaws.com|*.cf-ofp-ca-central-1a.s3-accelerate.amazonaws.com|*.cf-ofp-ca-central-1b.s3-accelerate.amazonaws.com|*.cf-ofp-ap-southeast-2.s3-accelerate.amazonaws.com|*.cf-ofp-ap-southeast-2a.s3-accelerate.amazonaws.com|*.cf-ofp-ap-southeast-2b.s3-accelerate.amazonaws.com|*.cf-ofp-ap-southeast-2c.s3-accelerate.amazonaws.com|*.cf-ofp-us-west-2.s3-accelerate.amazonaws.com|*.cf-ofp-us-west-2a.s3-accelerate.amazonaws.com|*.cf-ofp-us-west-2b.s3-accelerate.amazonaws.com|*.cf-ofp-us-west-2c.s3-accelerate.amazonaws.com|*.cf-ofp-m-us-west-2.s3-accelerate.amazonaws.com|*.cf-ofp-m-us-west-2a.s3-accelerate.amazonaws.com|*.cf-ofp-m-us-west-2b.s3-accelerate.amazonaws.com|*.cf-ofp-m-us-west-2c.s3-accelerate.amazonaws.com|*.cf-ofp-us-east-2.s3-accelerate.amazonaws.com|*.cf-ofp-us-east-2a.s3-accelerate.amazonaws.com|*.cf-ofp-us-east-2b.s3-accelerate.amazonaws.com|*.cf-ofp-us-east-2c.s3-accelerate.amazonaws.com|*.cf-ofp-ap-south-1.s3-accelerate.amazonaws.com|*.cf-ofp-ap-south-1a.s3-accelerate.amazonaws.com|*.cf-ofp-ap-south-1b.s3-accelerate.amazonaws.com|*.cf-ofp-ap-south-1c.s3-accelerate.amazonaws.com|*.cf-ofp-eu-central-1.s3-accelerate.amazonaws.com|*.cf-ofp-eu-central-1a.s3-accelerate.amazonaws.com|*.cf-ofp-eu-central-1b.s3-accelerate.amazonaws.com|*.cf-ofp-eu-central-1c.s3-accelerate.amazonaws.com|*.cf-ofp-eu-west-1.s3-accelerate.amazonaws.com|*.cf-ofp-eu-west-1a.s3-accelerate.amazonaws.com|*.cf-ofp-eu-west-1b.s3-accelerate.amazonaws.com|*.cf-ofp-eu-west-1c.s3-accelerate.amazonaws.com|*.cf-ofp-eu-west-2.s3-accelerate.amazonaws.com|*.cf-ofp-eu-west-2a.s3-accelerate.amazonaws.com|*.cf-ofp-eu-west-2b.s3-accelerate.amazonaws.com|*.cf-ofp-eu-west-2c.s3-accelerate.amazonaws.com|*.cf-ofp-eu-west-3.s3-accelerate.amazonaws.com|*.cf-ofp-eu-west-3a.s3-accelerate.amazonaws.com|*.cf-ofp-eu-west-3b.s3-accelerate.amazonaws.com|*.cf-ofp-eu-west-3c.s3-accelerate.amazonaws.com","","false"
"13.225.253.163","*.smtown.com","SM ENTERTAINMENT CO., Ltd.","KR","Seongdong-gu","Seoul","*.smtown.com|smtown.com","","false"
"13.225.254.233","*.execute-api.us-east-1.amazonaws.com","","","","","*.execute-api.us-east-1.amazonaws.com","","false"
"13.225.253.102","*.olv.nintendo.net","Nintendo Co., Ltd.","JP","Kyoto","Kyoto-fu","","","false"
"13.225.255.9","*.autopartsbridge.com","","","","","*.autopartsbridge.com|*.qa-syd.autopartsbridge.com|*.qa-syd-admin.autopartsbridge.com","","false"
"13.225.254.60","api2.asu-uto-bi-caliper-endpoint-dev.com","","","","","api2.asu-uto-bi-caliper-endpoint-dev.com","","false"
"13.225.254.9","*.riiiver.com","","","","","*.riiiver.com","","false"
"13.225.253.105","d3t555v1iom78z.cloudfront.net","Amazon.com, Inc.","US","Seattle","Washington","d3t555v1iom78z.cloudfront.net","","false"
"13.225.254.139","*.dmp.tconnect.jp","","","","","*.dmp.tconnect.jp|dmp.tconnect.jp","","false"
"13.225.254.61","www.3ds-dc.hsbc.com.bd","The Hongkong and Shanghai Banking Corporation Limited","HK","Central","","www.3ds-dc.hsbc.com.bd|3ds-dc.hsbc.com.sg","","false"
"13.225.254.113","nst-ngo-service.com","","","","","nst-ngo-service.com|*.nst-ngo-service.com","","false"
"13.225.254.52","api.stg2.smartpass.auone.jp","","","","","api.stg2.smartpass.auone.jp","","false"
"13.225.254.111","omsdocs.magento.com","","","","","omsdocs.magento.com","","false"
"13.225.254.49","*.dcm-icwweb-dev.com","","","","","*.dcm-icwweb-dev.com","","false"
"13.225.254.77","*.awsapps.com","","","","","*.awsapps.com|*.awsapps.net","","false"
"13.225.254.54","help.imdb.com","","","","","origin-help.imdb.com|help.imdb.com","","false"
"13.225.254.118","*.cloudfront.net","","","","","cloudfront.net|*.cloudfront.net","","false"
"13.225.254.55","*.catchplay.com","","","","","*.catchplay.com","","false"
"13.225.254.76","*.samsungknox.com","Samsung Electronics Co., Ltd.","KR","","Gyeonggi-do","*.samsungknox.com|samsungknox.com","","false"
"13.225.254.41","d2t6n3aebhc5lz.cloudfront.net","Amazon.com, Inc.","US","Seattle","Washington","dariffnjgq54b.cloudfront.net|d2t6n3aebhc5lz.cloudfront.net","","false"
"13.225.254.33","wpcp.shiseido.co.jp","","","","","wpcp.shiseido.co.jp","","false"
"13.225.254.114","*.loggly.com","","","","","*.loggly.com","","false"
"13.225.254.59","d1s31zyz7dcc2d.cloudfront.net","","","","","d1s31zyz7dcc2d.cloudfront.net","","false"
"13.225.254.103","fc.niziu.com","","","","","fc.niziu.com|*.fc.niziu.com","","false"
"13.225.254.46","*.lebara.com","Lebara Ltd","GB","London","London","*.lebara.com","","false"
"13.225.254.37","sslk1-test.suntory.co.jp","Suntory Business Systems Limited.","JP","Minato-ku","Tokyo","sslk1-test.suntory.co.jp","","false"
"13.225.254.142","www.dwell.com","","","","","www.dwell.com|dwell.com|*.dwell.com|api2.dwell.com|api.dwell.com|assets.dwell.com","","false"
"13.225.254.25","riesling.reactor-dev.e.chainalysis.com","","","","","riesling.reactor-dev.e.chainalysis.com","","false"
"13.225.254.148","cf.dashaws.com","","","","","cf.dashaws.com","","false"
"13.225.254.35","edge-qa03-us.dis.cc.salesforce.com","salesforce.com, inc.","US","San Francisco","California","edge-qa03-us.dis.cc.salesforce.com","","false"
"13.225.254.162","*.tmsimg.com","","","","","*.tmsimg.com","","false"
"13.225.254.36","gamma.client.legacy-app.games.a2z.com","","","","","origin-gamma.client.legacy-app.games.a2z.com|gamma.client.legacy-app.games.a2z.com","","false"
"13.225.254.169","cdn-images.mailchimp.com","","","","","cdn-images.mailchimp.com","","false"
"13.225.254.32","*.d2c.ne.jp","D2C Inc.","JP","Minato-ku","Tokyo","*.d2c.ne.jp","","false"
"13.225.254.172","www.coalbirds.com","","","","","www.coalbirds.com|coalbirds.com","","false"
"13.225.254.225","*.j-a-net.jp","株式会社アドウェイズ","JP","新宿区","東京都","*.j-a-net.jp|j-a-net.jp","","false"
"13.225.253.253","ip-hoarder.cloudfront.aws.dev","","","","","ip-hoarder.cloudfront.aws.dev|*.ip-hoarder.cloudfront.aws.dev","","false"
"13.225.254.78","*.chartboost.com","","","","","*.chartboost.com","","false"
"13.225.255.31","*.nowforce.com","","","","","*.nowforce.com|nowforce.com","","false"
"13.225.255.15","gtin-qa-test.nikecloud.com","","","","","gtin-qa-test.nikecloud.com","","false"
"13.225.254.208","*.shufu-job.jp","","","","","*.shufu-job.jp","","false"
"13.225.255.19","*.comparaonline.com","","","","","*.comparaonline.com|comparaonline.com.co|*.comparaonline.cl|comparaonline.com|comparaonline.cl|comparaonline.com.br|*.comparaonline.com.co|*.comparaonline.com.br|comparaonline.com.ar|*.comparaonline.com.ar","","false"
"13.225.254.254","ip-hoarder.cloudfront.aws.dev","","","","","ip-hoarder.cloudfront.aws.dev|*.ip-hoarder.cloudfront.aws.dev","","false"
"13.225.255.5","*.sigalert.com","","","","","*.sigalert.com","","false"
"13.225.254.7","*.binanceapi.com","","","","","*.binanceapi.com|binanceapi.com","","false"
"13.225.254.175","regdesk.co","","","","","regdesk.co","","false"
"13.225.254.247","ip-hoarder.cloudfront.aws.dev","","","","","ip-hoarder.cloudfront.aws.dev|*.ip-hoarder.cloudfront.aws.dev","","false"
"13.225.254.156","www.amazon.it","","","","","www.amazon.it|amazon.it|origin-www.amazon.it|p-nt-www-amazon-it-kalias.amazon.it|p-yo-www-amazon-it-kalias.amazon.it|p-y3-www-amazon-it-kalias.amazon.it","","false"
"13.225.254.100","*.tokuten.auone.jp","","","","","*.tokuten.auone.jp|tokuten.auone.jp","","false"
"13.225.254.136","edge.dis.commercecloud.salesforce.com","salesforce.com, inc.","US","San Francisco","California","edge.dis.commercecloud.salesforce.com|sits.demandware.net","","false"
"13.225.254.115","metrics1.data.hicloud.com","Huawei Software Technologies Co., Ltd.","CN","Nanjing","Jiangsu","metrics1.data.hicloud.com|*.ai.dbankcloud.cn|*.ai.dbankcloud.com|*.ai.hicloud.com|*.cloud.dbankcloud.cn|*.cloud.dbankcloud.com|*.cloud.hicloud.com|*.cloud.huawei.com|*.cloud.huawei.com.cn|*.data.dbankcloud.cn|*.data.dbankcloud.com|*.data.hicloud.com|*.dbankcloud.cn|*.dbankcloud.com|*.dt.dbankcloud.cn|*.dt.dbankcloud.com|*.dt.hicloud.com|*.emui.dbankcloud.cn|*.emui.dbankcloud.com|*.emui.hicloud.com","","false"
"13.225.254.126","*.test.iot.irobotapi.com","","","","","*.test.iot.irobotapi.com","","false"
"13.225.253.250","ip-hoarder.cloudfront.aws.dev","","","","","ip-hoarder.cloudfront.aws.dev|*.ip-hoarder.cloudfront.aws.dev","","false"
"13.225.255.27","*.awsapps.com","","","","","*.awsapps.com|*.awsapps.net","","false"
"13.225.254.116","old-client-support.netease.com","","","","","old-client-support.netease.com|*.163.com|*.nie.netease.com|*.res.netease.com|*.update.netease.com|*.fp.ps.netease.com|*.chatbot.nie.163.com","","false"
"13.225.255.28","media.baselineresearch.com","","","","","media.baselineresearch.com","","false"
"13.225.254.71","explore.skillbuilder.training.aws.dev","","","","","explore.skillbuilder.training.aws.dev|www.explore.skillbuilder.training.aws.dev|assets.skillbuilder.training.aws.dev|*.enterprise.skillbuilder.training.aws.dev","","false"
"13.225.255.3","*.fujifilmimagine.com","","","","","*.fujifilmimagine.com|*.whitechstage.com|*.staging.fujifilmimagine.online|*.fujipix.dk|*.whitech.com.au|*.homeordering.net|*.fujipix.ie|*.whitech.cloud|*.staging02.fujifilmimagine.online|*.pharmacyphotos.co.nz|*.whitechimagine.com|*.imaginetoolbox.com|*.wonderphotoshop.com.co|*.app.fujifilmimagine.online|*.app.fujifilmimagine.com|*.fotobutik.net|*.fujifilmimagine.be|*.imaginefotos.com|*.fujifilmimagine.no|*.fujifilmimagine.co.uk|*.staging.fujifilmimagine.com|*.phototeller.net|fujifilmimagine.com|*.fujifilmimagine.online|*.staging01.fujifilmimagine.online","","false"
"13.225.254.121","www.doroexperience.com","DORO AB","SE","Malmö","","fpweather.mydoro.com|mydoro.com|www.mydoromanager.com|www.doroexperience.com|mydoromanager.com|doroexperience.com","","false"
"13.225.255.32","zuora.identity.fcl-01.fcagcv.com","","","","","zuora.identity.fcl-01.fcagcv.com","","false"
"13.225.254.99","*.robinhood.com","","","","","*.robinhood.com","","false"
"13.225.254.202","*.adbephotos-stage.com","Adobe Inc.","US","San Jose","California","*.adbephotos-stage.com","","false"
"13.225.254.207","jwpsrv.com","","","","","jwpsrv.com|*.jwpsrv.com","","false"
"13.225.254.198","cdn.staging.betterup.io","","","","","cdn.staging.betterup.io","","false"
"13.225.254.184","oneapp-prod-hn.tigocloud.net","","","","","oneapp-prod-hn.tigocloud.net|mi.tigo.com.hn","","false"
"13.225.254.123","t13-idcms.dev.lendingmanager.docomo.ne.jp","","","","","t13-idcms.dev.lendingmanager.docomo.ne.jp","","false"
"13.225.254.191","qa.iot.iot-preprod.corp.amway.net","","","","","qa.iot.iot-preprod.corp.amway.net","","false"
"13.225.254.85","*.dst.vpsvc.com","","","","","*.dst.vpsvc.com","","false"
"13.225.254.187","static-cdn.jtvnw.net","","","","","static-cdn.jtvnw.net|static-cloudfront.jtvnw.net|s.jtvnw.net","","false"
"13.225.254.120","legacy.api.preprod.iot.carrier.com","","","","","legacy.api.preprod.iot.carrier.com|stage2.api.ing.carrier.com|stage4.api.ing.carrier.com|stage.api.ioncomfort.com|stage.api.ing.carrier.com|stage.api.eng.bryant.com|stage3.api.ing.carrier.com|defrostbeta.api.ing.carrier.com|legacy.api.preprod.iot.ioncomfort.com|legacy.api.preprod.iot.bryant.com","","false"
"13.225.254.186","nonprod-cdn.ably.com","","","","","nonprod-cdn.ably.com|nonprod-cdn.ably.io","","false"
"13.225.254.105","cdn.dc1337.page","","","","","cdn.dc1337.page|demo.dc1337.page|dc1337.page","","false"
"13.225.254.177","tomuat.pfdfoods.com.au","","","","","tomuat.pfdfoods.com.au","","false"
"13.225.254.117","*.awsapps.com","","","","","*.awsapps.com|*.awsapps.net","","false"
"13.225.254.205","*.fifaconnect.org","","","","","*.fifaconnect.org|fifaconnect.org","","false"
"13.225.254.68","*.twitch.tv","","","","","*.twitch.tv","","false"
"13.225.254.171","*.ssi.servicestream.com.au","","","","","*.ssi.servicestream.com.au|ssi.servicestream.com.au","","false"
"13.225.254.129","*.c-cdsknn.net","CANON INC.","JP","Ota-Ku","Tokyo","*.c-cdsknn.net","","false"
"13.225.254.166","*.iot.irobotapi.com","iRobot Corporation","US","Bedford","Massachusetts","*.iot.irobotapi.com","","false"
"13.225.254.95","cdn.remote-service-pf.com","KONICA MINOLTA INC.","JP","Hachioji","Tokyo","cdn.remote-service-pf.com","","false"
"13.225.255.29","*.idexximagebank.com","","","","","*.idexximagebank.com|*.idexxwebpacs.com.au|*.idexxwebpacs.com|*.idexxwebpacs.co.nz","","false"
"13.225.254.125","*.taggstar.com","","","","","*.taggstar.com","","false"
"13.225.254.145","cont-test.mydaiz.jp","NTT DOCOMO, INC.","JP","CHIYODA-KU","Tokyo","cont-test.mydaiz.jp","","false"
"13.225.254.211","adn.wyzant.com","","","","","adn.wyzant.com","","false"
"13.225.254.154","*.ejawsdemo.com","","","","","*.ejawsdemo.com","","false"
"13.225.254.210","downloads.cdn.telerik.com","","","","","downloads.cdn.telerik.com","","false"
"13.225.254.173","*.altium.com","","","","","*.altium.com|altium.com","","false"
"13.225.255.14","chime.aws","","","","","chime.aws","","false"
"13.225.254.245","ip-hoarder.cloudfront.aws.dev","","","","","ip-hoarder.cloudfront.aws.dev|*.ip-hoarder.cloudfront.aws.dev","","false"
"13.225.254.212","stage-spectrum.net","","","","","stage-spectrum.net|*.stage-charter.net|*.aws.charter.net|*.stage-spectrum.net","","false"
"13.225.254.147","static.datad0g.com","Datadog, Inc.","US","New York","New York","static.datad0g.com","","false"
"13.225.254.221","www.3ds-dc.hsbc.com.sg","The Hongkong and Shanghai Banking Corporation Limited","HK","Central","","www.3ds-dc.hsbc.com.sg|3ds-dc.hsbc.com.sg","","false"
"13.225.254.150","*.smartrecruiters.com","","","","","*.smartrecruiters.com|smartrecruiters.com","","false"
"13.225.255.24","*.app-box.jp","","","","","*.app-box.jp","","false"
"13.225.254.174","device-firmware.gp-static.com","","","","","device-firmware.gp-static.com|www.device-firmware.gp-static.com|device-firmware-qa.gp-static.com|device-firmware-staging.gp-static.com","","false"
"13.225.255.18","viff.org","","","","","viff.org|*.viff.org","","false"
"13.225.254.153","sayweeecdn.com","","","","","sayweeecdn.com|*.sayweeecdn.com","","false"
"13.225.255.25","*.sandbox.repayonline.com","Repay","US","","Georgia","*.sandbox.repayonline.com|*.static.sandbox.repayonline.com","","false"
"13.225.254.201","a-bly.com","","","","","a-bly.com|*.a-bly.com","","false"
"13.225.255.41","beta.datacentral.a2z.com","","","","","beta.datacentral.a2z.com","","false"
"13.225.254.250","ip-hoarder.cloudfront.aws.dev","","","","","ip-hoarder.cloudfront.aws.dev|*.ip-hoarder.cloudfront.aws.dev","","false"
"13.225.255.39","ads.swyftmedia.com","","","","","ads.swyftmedia.com","","false"
"13.225.254.253","ip-hoarder.cloudfront.aws.dev","","","","","ip-hoarder.cloudfront.aws.dev|*.ip-hoarder.cloudfront.aws.dev","","false"
"13.225.254.244","ip-hoarder.cloudfront.aws.dev","","","","","ip-hoarder.cloudfront.aws.dev|*.ip-hoarder.cloudfront.aws.dev","","false"
"13.225.254.170","*.adbecrsl.com","Adobe Inc.","US","San Jose","California","*.adbecrsl.com","","false"
"13.225.254.251","ip-hoarder.cloudfront.aws.dev","","","","","ip-hoarder.cloudfront.aws.dev|*.ip-hoarder.cloudfront.aws.dev","","false"
"13.225.254.235","*.hankooktech.com","HANKOOK TIRE & TECHNOLOGY CO.,LTD.","KR","Seongnam-si","Gyeonggi-do","*.hankooktech.com|hankooktech.com","","false"
"13.225.255.23","*.webdamdb.com","","","","","*.webdamdb.com","","false"
"13.225.254.248","ip-hoarder.cloudfront.aws.dev","","","","","ip-hoarder.cloudfront.aws.dev|*.ip-hoarder.cloudfront.aws.dev","","false"
"13.225.254.238","m.bookdepository.com","","","","","m.bookdepository.com|bookdepository.com|www.bookdepository.com|origin-www.bookdepository.com|bookdepository.de|www.bookdepository.de|bookdepository.co.uk|www.bookdepository.co.uk","","false"
"13.225.255.2","test.hilander.com","","","","","test.hilander.com","","false"
"13.225.255.63","*.iqos.lv","","","","","*.iqos.lv|iqos.lv","","false"
"13.225.253.183","*.mix.tokyo","","","","","*.mix.tokyo|mix.tokyo","","false"
"13.225.253.103","*.autopartsbridge.com","","","","","*.autopartsbridge.com|*.qa-syd.autopartsbridge.com|*.qa.autopartsbridge.com","","false"
"13.225.253.206","www.predix.io","General Electric Company","US","Boston","MA","www.predix.io|apm.predix.io|appeng.predix.io|apps-docs.predix.io|apps-docsreview.predix.io|apps-docsstaging.predix.io|artifactory.predix.io|assets.predix.io|asv.predix.io|c2c-caas-prod.predix.io|c2c-test.predix.io|c2e-caas-dev.predix.io|c2e-caas-perf.predix.io|c2e-prod.predix.io|c2e-sch-d.predix.io|c2e-sch-p.predix.io|c2e-sch-q.predix.io|ci.predix.io|console.predix.io|cookietest.predix.io|crl.predix.io|csrc.predix.io|d1vnk8o9q0raal.predix.io|d37ohxj80escnn.predix.io|d3fdt6btbvb8x3.predix.io|dcos.predix.io|dev.predix.io|devconsole.predix.io|develop.predix.io|dj1mlybu6aemh.predix.io|docs.predix.io|docsreview.predix.io|docsstaging.predix.io|edge-connect.predix.io|em-ovpn-perf.predix.io|eu-fr-pr-ovpn-sec.predix.io|exp.predix.io|forum.predix.io|gslb.predix.io|idverify.predix.io|leroy.predix.io|marketplace.predix.io|openvpn1.predix.io|placeholder.predix.io|predix.io|rancher-mesos.predix.io|rancher.predix.io|release.predix.io|sandbox.predix.io|sch-d-glob-cld1-sec.predix.io|sch-d-glob-cld2-sec.predix.io|sch-d-glob-sec.predix.io|sch-p-cn-cld1.sec.predix.io|sch-p-cn-cld2.sec.predix.io|sch-p-cn-sec.predix.io|sch-p-glob-cld1-sec.predix.io|sch-p-glob-cld2-sec.predix.io|sch-p-glob-sec.predix.io|sch-q-cn-ovpn-sec.predix.io|sch-q-cn-sec.predix.io|sch-q-glob-cld1-sec.predix.io|sch-q-glob-cld2-sec.predix.io|sch-q-glob-sec.predix.io|stage.predix.io|stageconsole.predix.io|sysint.predix.io|sysintconsole.predix.io|training.predix.io|uk.predix.io","","false"
"13.225.254.218","*.svc.nhl.com","BAMTECH, LLC","US","","New York","*.svc.nhl.com|svc.nhl.com","","false"
"13.225.254.228","*.api.brightcove.com","","","","","*.api.brightcove.com|*.api.brightcove.co.jp","","false"
"13.225.254.204","*.bcovlive.io","","","","","*.bcovlive.io","","false"
"13.225.254.229","*.stage.kinesso.ninja","","","","","*.stage.kinesso.ninja","","false"
"13.225.254.227","*.nexon.com","NEXON Korea Corporation","KR","Seongnam-si","Gyeonggi-do","*.nexon.com|nexon.com","","false"
"13.225.254.230","*.i-ready.com","","","","","*.i-ready.com","","false"
"13.225.255.40","a02.c-cdsknn-test.net","CANON INC.","JP","Ota-Ku","Tokyo","a02.c-cdsknn-test.net","","false"
"13.225.254.246","*.zoom.us","Zoom Video Communications, Inc.","US","San Jose","California","*.zoom.us|zoom.us","","false"
"13.225.254.240","ip-hoarder.cloudfront.aws.dev","","","","","ip-hoarder.cloudfront.aws.dev|*.ip-hoarder.cloudfront.aws.dev","","false"
"13.225.255.6","*.freshdesk.com","","","","","*.freshdesk.com","","false"
"13.225.254.222","*.beta.awsapps.com","","","","","*.beta.awsapps.com|*.beta.awsapps.net","","false"
"13.225.254.241","ip-hoarder.cloudfront.aws.dev","","","","","ip-hoarder.cloudfront.aws.dev|*.ip-hoarder.cloudfront.aws.dev","","false"
"13.225.255.4","www.mas220.preprod.zeta.in","Better World Technology Pvt Ltd","IN","","","","","false"
"13.225.254.215","img.chunjae.link","","","","","img.chunjae.link","","false"
"13.225.254.217","*.streaming.cdn.delivery.amazonmusic.com","Amazon.com, Inc.","US","Seattle","Washington","*.streaming.cdn.delivery.amazonmusic.com","","false"
"13.225.255.43","dev01.scryptotrace.com","","","","","dev01.scryptotrace.com","","false"
"13.225.255.46","*.goshippo.com","","","","","*.goshippo.com|goshippo.com","","false"
"13.225.254.168","*.lodeo.io","CyberAgent, Inc.","JP","Shibuya-ku","Tokyo","*.lodeo.io|lodeo.io","","false"
"13.225.255.45","a16366d1-02b3-44cd-8fb0-df16db1e60a4.live.uapbc.tv","","","","","a16366d1-02b3-44cd-8fb0-df16db1e60a4.live.uapbc.tv|*.a16366d1-02b3-44cd-8fb0-df16db1e60a4.live.uapbc.tv","","false"
"13.225.254.224","beta.client.legacy-app.games.a2z.com","","","","","origin-beta.client.legacy-app.games.a2z.com|beta.client.legacy-app.games.a2z.com","","false"
"13.225.255.44","aihoken.web.docomo.ne.jp","","","","","aihoken.web.docomo.ne.jp|*.aihoken.web.docomo.ne.jp","","false"
"13.225.255.33","*.koa.or.kr","","","","","*.koa.or.kr","","false"
"13.225.255.37","static.ddog-gov.com","Datadog, Inc.","US","New York","New York","static.ddog-gov.com","","false"
"13.225.255.54","*.a2a.apollo-ai.io","","","","","*.a2a.apollo-ai.io","","false"
"13.225.254.159","*.awsapps.com","","","","","*.awsapps.com|*.awsapps.net","","false"
"13.225.255.49","ehs.com","","","","","ehs.com|*.demo.ehs.com|*.accelerate.ehs.com|*.risk.ehs.com|*.ehs.com|*.velocity.ehs.com|*.api.ehs.com|*.integration.ehs.com|*.v6.ehs.com","","false"
"13.225.254.193","hotlist.samba.tv","","","","","hotlist.samba.tv","","false"
"13.225.255.47","olt-players.sans.org","","","","","olt-players.sans.org","","false"
"13.225.254.157","tripkit.jeppesen.com","","","","","tripkit.jeppesen.com","","false"
"13.225.255.55","gimmegimme.it","","","","","api.thetake.com|vid.thetake.com|gimmegimme.it|www.gimmegimme.it|img.thetake.com|thescript.thetake.com","","false"
"13.225.254.192","giv-dev.nmgcloud.io","","","","","giv-dev.nmgcloud.io|www.giv-dev.nmgcloud.io","","false"
"13.225.255.56","*.pod-point.com","POD Point Ltd","GB","London","London","","","false"
"13.225.255.51","*.duiduisoso.com","","","","","*.duiduisoso.com|duiduisoso.com","","false"
"13.225.255.65","*.osusume.auone.jp","","","","","*.osusume.auone.jp|osusume.auone.jp","","false"
"13.225.255.88","*.tnvipsuite.com","","","","","*.tnvipsuite.com|tnvipsuite.com","","false"
"13.225.255.58","*.execute-api.us-west-2.amazonaws.com","","","","","*.execute-api.us-west-2.amazonaws.com","","false"
"13.225.255.99","cdn.stg.smartpass.auone.jp","","","","","cdn.stg.smartpass.auone.jp","","false"
"13.225.255.220","*.plaync.com","","","","","*.plaync.com","","false"
"13.225.255.80","onetime.web.docomo.ne.jp","","","","","onetime.web.docomo.ne.jp|*.onetime.web.docomo.ne.jp","","false"
"13.225.255.160","*.jiveapps.com","Jive Software, Inc.","US","Palo Alto","California","*.jiveapps.com|jiveapps.com","","false"
"13.225.255.96","*.srv.ygles.com","CANON INC.","JP","Ota-Ku","Tokyo","*.srv.ygles.com","","false"
"13.225.255.110","*.dn.nexoncdn.co.kr","","","","","*.dn.nexoncdn.co.kr","","false"
"13.225.255.89","*.yottaa.net","Yottaa, Inc.","US","Waltham","Massachusetts","*.yottaa.net|yottaa.net","","false"
"13.225.255.82","*.ring.com","Ring LLC","US","Santa Monica","California","*.ring.com|ring.com","","false"
"13.225.255.144","*.agcocorp.com","AGCO LIMITED","GB","Kenilworth","","*.agcocorp.com|agcocorp.com","","false"
"13.225.255.219","www.mitutoyo.co.jp","Mitutoyo Corporation","JP","Kawasaki-shi","Kanagawa","www.mitutoyo.co.jp","","false"
"13.225.255.131","*.enish-games.com","","","","","*.enish-games.com|enish-games.com","","false"
"13.225.255.221","aws-summit.de","","","","","aws-summit.de|quiz.aws-summit.de|www.aws-summit.de","","false"
"13.225.255.137","minnano-cafe.com","","","","","minnano-cafe.com|*.minnano-cafe.com","","false"
"13.225.255.91","registry.bossastudios.com","","","","","registry.bossastudios.com|bossastudios.com|gl-registry.bossastudios.com","","false"
"13.225.255.148","*.adsrvr.org","","","","","*.adsrvr.org|adsrvr.org","","false"
"13.225.255.98","*.api.e1-np.km.playstation.net","","","","","*.api.e1-np.km.playstation.net|api.e1-np.km.playstation.net","","false"
"13.225.255.133","*.offerup.com","","","","","*.offerup.com|*.offerupnow.com|offerupnow.com|offerup.com","","false"
"13.225.255.79","*.sano-mirai.jp","","","","","*.sano-mirai.jp","","false"
"13.225.255.115","auth.nightowlx.com","","","","","auth.nightowlx.com|www.auth.nightowlx.com","","false"
"13.225.255.100","crl.aptivcscloud.com","","","","","crl.aptivcscloud.com","","false"
"13.225.255.149","*.web.nhl.com","BAMTECH, LLC","US","","New York","*.web.nhl.com|web.nhl.com","","false"
"13.225.254.219","*.nc.com","","","","","*.nc.com","","false"
"13.225.254.242","*.csod.com","Cornerstone OnDemand, Inc.","US","Santa Monica","California","*.csod.com|csod.com","","false"
"13.225.255.52","mfdhelpsearch.fujifilm.com","FUJIFILM Business Innovation Corp.","JP","Minato-ku","Tokyo","mfdhelpsearch.fujifilm.com","","false"
"13.225.255.48","online.hoaresbank.co.uk","C. Hoare & Co.","GB","London","","online.hoaresbank.co.uk|online.live.digital.hoaresbank.co.uk|online.app01.live.digital.hoaresbank.co.uk|online-a.app01.live.digital.hoaresbank.co.uk|online-b.app01.live.digital.hoaresbank.co.uk","","false"
"13.225.255.107","old-client-support.netease.com","","","","","old-client-support.netease.com|*.163.com|*.nie.netease.com|*.res.netease.com|*.update.netease.com|*.fp.ps.netease.com|*.chatbot.nie.163.com","","false"
"13.225.255.207","*.repayonline.com","Repay","US","","Georgia","*.repayonline.com|*.static.repayonline.com","","false"
"13.225.255.190","ads.chtbl.com","","","","","ads.chtbl.com|search.ads.chrtnotchtbl.com","","false"
"13.225.255.97","*.capitalfundinglab.com","","","","","*.capitalfundinglab.com","","false"
"13.225.255.186","*.ozstage.com","Adobe Inc.","US","San Jose","California","*.ozstage.com","","false"
"13.225.255.165","update.hicloud.com","Huawei Software Technologies Co., Ltd.","CN","Nanjing","Jiangsu","update.hicloud.com|*.dbankcdn.com|*.dbankcdn.cn|*.hicloud.com","","false"
"13.225.255.105","www.ota.ing.carrier.com","","","","","www.ota.ing.carrier.com|www.ota.eng.bryant.com|www.ota.ioncomfort.com","","false"
"13.225.255.178","*.careem.com","","","","","*.careem.com|careem.com","","false"
"13.225.255.109","*.examroom.ai","","","","","*.examroom.ai","","false"
"13.225.255.204","files.bbystatic.com","","","","","files.bbystatic.com","","false"
"13.225.255.145","*.indigoag.build","","","","","*.indigoag.build","","false"
"13.225.255.175","*.face-pay-pf.com","","","","","*.face-pay-pf.com","","false"
"13.225.255.203","*.cafewellstage.com","","","","","*.cafewellstage.com","","false"
"13.225.255.154","adac-onboard.testing.b2c-banking-default.aws.solarisbank.io","","","","","adac-onboard.testing.b2c-banking-default.aws.solarisbank.io|adac-onboarding-web.testing.b2c-banking-default.aws.solarisbank.io","","false"
"13.225.255.143","*.iot.irobot.cn","","","","","*.iot.irobot.cn","","false"
"13.225.255.174","*.smt.docomo.ne.jp","NTT DOCOMO, INC.","JP","Chiyoda-ku","Tokyo","nidan.smt.docomo.ne.jp|*.smt.docomo.ne.jp|smt.docomo.ne.jp|sjs.ssdsp.smt.docomo.ne.jp|app.ssdsp.smt.docomo.ne.jp|que.ssdsp.smt.docomo.ne.jp|srvadw.addlv.smt.docomo.ne.jp|srvadw-s.addlv.smt.docomo.ne.jp|srvadw-t.addlv.smt.docomo.ne.jp|sync.addlv.smt.docomo.ne.jp|sync-s.addlv.smt.docomo.ne.jp|sync-t.addlv.smt.docomo.ne.jp|adg.addlv.smt.docomo.ne.jp|adg-s.addlv.smt.docomo.ne.jp|adg-t.addlv.smt.docomo.ne.jp|meas.addlv.smt.docomo.ne.jp|meas-s.addlv.smt.docomo.ne.jp|nidan.addlv.smt.docomo.ne.jp|nidan-t.addlv.smt.docomo.ne.jp|nidan-s.addlv.smt.docomo.ne.jp|nidan-d.addlv.smt.docomo.ne.jp|alxd.addlv.smt.docomo.ne.jp|alxd-s.addlv.smt.docomo.ne.jp|alxd-t.addlv.smt.docomo.ne.jp|alxm.addlv.smt.docomo.ne.jp|alxm-s.addlv.smt.docomo.ne.jp|alxm-t.addlv.smt.docomo.ne.jp|alxmng.addlv.smt.docomo.ne.jp|alxmng-s.addlv.smt.docomo.ne.jp|alxmng-t.addlv.smt.docomo.ne.jp|alxc.addlv.smt.docomo.ne.jp|alxc-s.addlv.smt.docomo.ne.jp|alxc-t.addlv.smt.docomo.ne.jp|prd-minerva.smt.docomo.ne.jp|stg-minerva.smt.docomo.ne.jp","","false"
"13.225.255.138","*.samsungqbe.com","Samsung Electronics Co.,Ltd.","KR","Suwon-si","Gyeonggi-do","*.samsungqbe.com|samsungqbe.com","","false"
"13.225.255.194","termsmobile.com","","","","","termsmobile.com","","false"
"13.225.255.146","estimate.parivedasolutions.com","","","","","estimate.parivedasolutions.com|*.estimate.parivedasolutions.com","","false"
"13.225.255.215","*.sprinklr.com","","","","","*.sprinklr.com","","false"
"13.225.255.159","distribution.cloudfront-test.net","Amazon Inc.","US","Seattle","Washington","distribution.cloudfront-test.net","","true"
"13.225.255.217","*.caixinglobal.com","","","","","*.caixinglobal.com","","false"
"13.225.255.141","*.sandbox.thatskygame.com","","","","","*.sandbox.thatskygame.com","","false"
"13.225.255.195","video.counsyl.com","","","","","video.counsyl.com|*.counsyl.com","","false"
"13.225.255.112","*.c-cdsknn-test.net","CANON INC.","JP","Ota-Ku","Tokyo","*.c-cdsknn-test.net","","false"
"13.225.255.242","ip-hoarder.cloudfront.aws.dev","","","","","ip-hoarder.cloudfront.aws.dev|*.ip-hoarder.cloudfront.aws.dev","","false"
"13.225.255.162","*.volume.com","","","","","*.volume.com","","false"
"13.225.255.246","ip-hoarder.cloudfront.aws.dev","","","","","ip-hoarder.cloudfront.aws.dev|*.ip-hoarder.cloudfront.aws.dev","","false"
"13.225.255.163","datarestore.skycatch.engineering","","","","","datarestore.skycatch.engineering","","false"
"13.225.255.192","uploads.skyhighnetworks.com","","","","","uploads.skyhighnetworks.com","","false"
"13.225.255.116","crl.r2m01.amazontrust.com","","","","","crl.r2m01.amazontrust.com|crl.e2m03.amazontrust.com|ocsp.r2m02.amazontrust.com|ocsp.r4m02.amazontrust.com|crl.r4m03.amazontrust.com|crl.e3m03.amazontrust.com|crt.e3m03.amazontrust.com|crl.r2m03.amazontrust.com|crt.e2m03.amazontrust.com|ocsp.e3m03.amazontrust.com|crt.r4m01.amazontrust.com|ocsp.e2m03.amazontrust.com|ocsp.r2m04.amazontrust.com|crl.r4m01.amazontrust.com|ocsp.r2m01.amazontrust.com|crt.e2m01.amazontrust.com|crt.r4m04.amazontrust.com|crt.e2m04.amazontrust.com|crt.e3m01.amazontrust.com|crt.e3m04.amazontrust.com|crt.r2m01.amazontrust.com|ocsp.e2m04.amazontrust.com|crl.r2m04.amazontrust.com|ocsp.e3m01.amazontrust.com|crt.e3m02.amazontrust.com|ocsp.e3m04.amazontrust.com|crt.r2m04.amazontrust.com|ocsp.e2m01.amazontrust.com|crl.r4m04.amazontrust.com|crl.e3m02.amazontrust.com|ocsp.r4m01.amazontrust.com|crt.r4m02.amazontrust.com|ocsp.r4m04.amazontrust.com|crl.e2m02.amazontrust.com|crt.r2m02.amazontrust.com|crl.e3m01.amazontrust.com|crl.r2m02.amazontrust.com|crl.e2m04.amazontrust.com|ocsp.e2m02.amazontrust.com|ocsp.e3m02.amazontrust.com|ocsp.r4m03.amazontrust.com|crl.r4m02.amazontrust.com|crt.e2m02.amazontrust.com|crl.e3m04.amazontrust.com|crt.r2m03.amazontrust.com|crl.e2m01.amazontrust.com|crt.r4m03.amazontrust.com|ocsp.r2m03.amazontrust.com","","false"
"13.225.255.191","assoc-eu.associates-amazon.com","","","","","assoc-eu.associates-amazon.com|z-eu.associates-amazon.com","","false"
"13.225.255.241","ip-hoarder.cloudfront.aws.dev","","","","","ip-hoarder.cloudfront.aws.dev|*.ip-hoarder.cloudfront.aws.dev","","false"
"13.225.255.151","*.ci.consumer.underpaid.com","","","","","*.ci.consumer.underpaid.com|*.prestaging.consumer.underpaid.com","","false"
"13.225.255.218","c.amazon-adsystem.com","","","","","c.amazon-adsystem.com","","false"
"13.225.255.240","ip-hoarder.cloudfront.aws.dev","","","","","ip-hoarder.cloudfront.aws.dev|*.ip-hoarder.cloudfront.aws.dev","","false"
"13.225.255.136","devraht.vrpublic.fi","","","","","devraht.vrpublic.fi|*.devraht.vrpublic.fi","","false"
"13.225.255.206","*.locorum.ca","","","","","*.locorum.ca","","false"
"13.225.255.176","superpoker.com.br","","","","","superpoker.com.br|*.superpoker.com.br","","false"
"13.225.255.185","*.ciggws.net","Canon Inc.","JP","","Tokyo","*.ciggws.net|ciggws.net","","false"
"13.225.255.157","*.sandbox.paypay.ne.jp","","","","","*.sandbox.paypay.ne.jp","","false"
"13.225.255.202","*.ci.kinesso.ninja","","","","","*.ci.kinesso.ninja","","false"
"13.225.255.179","cloudservices.staging.roku.com","Roku","US","San Jose","California","cloudservices.staging.roku.com","","false"
"13.225.255.231","*.thinkthroughmath.com","","","","","*.thinkthroughmath.com","","false"
"13.225.255.166","*.qa.coro.net","","","","","*.qa.coro.net","","false"
"13.225.255.153","www.micard.co.jp","MICARD CO., LTD.","JP","Chuo Ku","Tokyo","www.micard.co.jp|micard.co.jp|www1.micard.co.jp|www2.micard.co.jp|stg.micard.co.jp|pre.micard.co.jp","","false"
"13.225.255.250","ip-hoarder.cloudfront.aws.dev","","","","","ip-hoarder.cloudfront.aws.dev|*.ip-hoarder.cloudfront.aws.dev","","false"
"13.225.255.104","*.watertechnologies.com","","","","","*.watertechnologies.com","","false"
"13.225.255.106","*.xj-storage.jp","TAKARA PRINTING CO., LTD.","JP","Toshima-ku","Tokyo","*.xj-storage.jp|xj-storage.jp","","false"
"13.225.255.213","webview-jp.bh3.com","","","","","webview-jp.bh3.com","","false"
"13.225.255.83","*.dev.rhinternal.net","","","","","*.dev.rhinternal.net","","false"
"13.225.255.108","www.amazon.com.au","","","","","amazon.com.au|www.amazon.com.au|origin-www.amazon.com.au|www.amazon.com|amazon.com|p-nt-www-amazon-com-au-kalias.amazon.com.au|p-yo-www-amazon-com-au-kalias.amazon.com.au|p-y3-www-amazon-com-au-kalias.amazon.com.au","","false"
"13.225.255.188","*.cctsl.com","Xevo Inc.","US","Bellevue","Washington","*.cctsl.com","","false"
"13.225.255.140","yelp.com","Yelp Inc.","US","San Francisco","California","yelp.com|*.admin.yelp.com|*.biz.yelp.com|*.m.yelp.com|*.yelp.com|admin.yelp.com","","false"
"13.225.255.237","*.docebosaas.com","","","","","*.docebosaas.com","","false"
"13.225.255.243","ip-hoarder.cloudfront.aws.dev","","","","","ip-hoarder.cloudfront.aws.dev|*.ip-hoarder.cloudfront.aws.dev","","false"
"13.225.255.238","*.tclclouds.com","","","","","*.tclclouds.com|tclclouds.com","","false"
"13.225.255.123","*.images-amazon.com","","","","","*.images-amazon.com","","false"
"13.225.255.227","*.littlstar.com","","","","","*.littlstar.com|littlstar.com","","false"
"13.225.255.130","nie-wildcard-san.netease.com","","","","","nie-wildcard-san.netease.com|*.gameyw.netease.com|*.sgfp.ps.netease.com|*.update.netease.com|*.cotton.netease.com|*.gph.netease.com|*.fp.ps.netease.com|*.chatbot.nie.163.com|*.gsf.netease.com|*.gdl.netease.com|*.16163.com|*.sg.cotton.netease.com|*.gmsdk.gameyw.netease.com","","false"
"13.225.255.222","daws-api.tv-asahi.co.jp","tv asahi corporation","JP","Minato-ku","Tokyo","daws-api.tv-asahi.co.jp","","false"
"13.225.255.95","manga-bang.com","","","","","manga-bang.com|*.manga-bang.com","","false"
"13.225.253.13","support.atlassian.com","","","","","support.atlassian.com","","false"
"13.225.255.120","*.stg.np-sap-tc.com","","","","","*.stg.np-sap-tc.com","","false"
"13.225.255.134","*.awsapps.com","","","","","*.awsapps.com|*.awsapps.net","","false"
"13.225.255.122","segarselalu.com","","","","","segarselalu.com","","false"
"13.225.255.201","www.partner.amazon.in","","","","","partner.amazon.in|www.partner.amazon.in|origin-spcentral.amazon.in","","false"
"13.225.255.230","*.nypl.org","New York Public Library","US","","New York","*.nypl.org|nypl.org","","false"
"13.225.253.122","dashboard.staging.robinpowered.com","","","","","dashboard.staging.robinpowered.com","","false"
"13.225.255.223","adac-onboard.production.b2c-banking-default.aws.solarisbank.io","","","","","adac-onboard.production.b2c-banking-default.aws.solarisbank.io|adac-onboarding-web.production.b2c-banking-default.aws.solarisbank.io","","false"
"13.225.255.245","*.schoology.com","","","","","*.schoology.com","","false"
"13.225.255.229","lad.niotp.com","Nestlé Ltd","CH","Vevey","Vaud","lad.niotp.com|www.lad.niotp.com","","false"
"13.225.255.248","ip-hoarder.cloudfront.aws.dev","","","","","ip-hoarder.cloudfront.aws.dev|*.ip-hoarder.cloudfront.aws.dev","","false"
"13.225.255.234","*.secb2b.com","Samsung Electronics Co., Ltd.","KR","","Gyeonggi-do","*.secb2b.com|secb2b.com","","false"
"13.225.255.251","ip-hoarder.cloudfront.aws.dev","","","","","ip-hoarder.cloudfront.aws.dev|*.ip-hoarder.cloudfront.aws.dev","","false"
"13.225.255.224","api.msg.ue1.a.app.chime.aws","","","","","api.msg.ue1.a.app.chime.aws|service-api.msg.ue1.a.app.chime.aws","","false"
"13.225.253.5","*.rosettastone.com","","","","","*.rosettastone.com|rosettastone.com","","false"
"13.225.255.171","bookmyseat.gadgeon.com","","","","","bookmyseat.gadgeon.com","","false"
"13.225.253.143","*.myfonts.net","Monotype Imaging Inc.","US","Woburn","Massachusetts","*.myfonts.net|myfonts.net","","false"
"13.225.255.228","test.dashboard.bandwidth.com","","","","","test.dashboard.bandwidth.com|*.test.dashboard.bandwidth.com","","false"
"13.225.253.161","*.cengage.com","Cengage Learning, Inc.","US","Mason","Ohio","*.cengage.com|cengage.com","","false"
"13.225.255.226","www.abc-mart.net","ABC-MART,INC.","JP","Shibuya-ku","Tokyo","www.abc-mart.net|abc-mart.net","","false"
"13.225.255.239","st.boatrace.jp","Boat Race Promotion Association","JP","Minato-ku","Tokyo","st.boatrace.jp","","false"
"13.225.255.253","*.api.snapchat.com","Snap Inc.","US","Santa Monica","California","*.api.snapchat.com|api.snapchat.com","","false"
"13.225.254.40","a-visioncare.scryptotrace.com","","","","","a-visioncare.scryptotrace.com","","false"
"13.225.254.20","acc.videohulp.kpn.com","","","","","acc.videohulp.kpn.com","","false"
"13.225.254.119","*.observian.com","","","","","*.observian.com|observian.com|www.observian.com","","false"
"13.225.254.199","*.altium.com","","","","","*.altium.com|altium.com","","false"
"13.225.254.220","legacy-kindle-digital-delivery.amazon.com","","","","","legacy-kindle-digital-delivery.amazon.com","","false"
"13.225.255.36","smartspot.no","","","","","smartspot.no|www.smartspot.no","","false"
"13.225.255.70","*.devfdg.net","","","","","*.devfdg.net|devfdg.net","","false"
"13.225.255.71","awscloud.com","","","","","awscloud.com|www.awscloud.com","","false"
"13.225.255.103","*.eelsy.myinstance.com","","","","","*.eelsy.myinstance.com","","false"
"13.225.255.124","hvc.5a54bda602.uconnectservice.car","Sirius XM Connected Vehicle Services Inc","US","Irving","Texas","hvc.5a54bda602.uconnectservice.car","","false"
"13.225.255.147","cdnmedia.advent.com","Advent Software, Inc.","US","San Francisco","CA","cdnmedia.advent.com","","false"
"13.225.255.249","ip-hoarder.cloudfront.aws.dev","","","","","ip-hoarder.cloudfront.aws.dev|*.ip-hoarder.cloudfront.aws.dev","","false"
"13.225.255.232","nftstatic.com","","","","","nftstatic.com|*.nftstatic.com","","false"
"13.225.255.235","*.razorpay.com","","","","","*.razorpay.com","","false"
"13.225.255.252","ip-hoarder.cloudfront.aws.dev","","","","","ip-hoarder.cloudfront.aws.dev|*.ip-hoarder.cloudfront.aws.dev","","false"
"13.225.253.16","healthcheck.dropboxstatic.com","Dropbox, Inc","US","San Francisco","California","healthcheck.dropboxstatic.com","","false"
"13.225.253.47","img.uf24.urbanfit.jp","","","","","img.uf24.urbanfit.jp","","false"
"13.225.253.62","ipv6.amazon.com","","","","","ipv6.amazon.com","","false"
"13.225.253.223","*.auth.airmiles.ca","","","","","*.auth.airmiles.ca|auth.airmiles.ca","","false"
"13.225.253.249","ip-hoarder.cloudfront.aws.dev","","","","","ip-hoarder.cloudfront.aws.dev|*.ip-hoarder.cloudfront.aws.dev","","false"
"13.225.253.210","login.schibsted.com","","","","","login.schibsted.com|*.login.schibsted.fi|*.login.schibsted.dk|login.schibsted.dk|*.login.schibsted.com|login.schibsted.fi|*.payment.schibsted.no|payment.schibsted.no","","false"
"13.225.253.212","download.bpmsupreme.com","","","","","download.bpmsupreme.com|*.bpmsupreme.com|*.download.bpmsupreme.com|*.develop.download.bpmsupreme.com|*.develop.bpmsupreme.com","","false"
"13.225.253.221","www.beauty-co.jp","","","","","www.beauty-co.jp","","false"
"13.225.254.34","stage.amob.jp","","","","","stage.amob.jp|*.stage.amob.jp","","false"
"13.225.253.254","ip-hoarder.cloudfront.aws.dev","","","","","ip-hoarder.cloudfront.aws.dev|*.ip-hoarder.cloudfront.aws.dev","","false"
"13.225.254.3","*.awsapps.com","","","","","*.awsapps.com|*.awsapps.net","","false"
"13.225.254.62","stg.sotappm.auone.jp","","","","","stg.sotappm.auone.jp","","false"
"13.225.254.84","grappos.com","","","","","grappos.com|*.grappos.com","","false"
"13.225.254.81","cdn.gotraffic.net","Bloomberg L.P.","US","New York","New York","cdn.gotraffic.net","","false"
"13.225.254.185","*.test.sentinelcloud.com","","","","","*.test.sentinelcloud.com","","false"
"13.225.255.20","api.foodnetwork.com","","","","","api.foodnetwork.com|*.api.foodnetwork.com","","false"
"13.225.255.26","*.sap-tc.com","","","","","*.sap-tc.com","","false"
"13.225.255.35","www.fftest2023.com","","","","","www.fftest2023.com","","false"
"13.225.255.42","*.zimbra.com","Zimbra Software, LLC","US","Buffalo","New York","*.zimbra.com|zimbra.com","","false"
"13.225.255.66","primexonevue.com","","","","","primexonevue.com|*.primexonevue.com","","false"
"13.225.255.114","*.staging.thescore.com","","","","","*.staging.thescore.com|*.thescore.com","","false"
"13.225.255.119","*.stage.apps.thermofisher.com","Thermo Fisher Scientific Inc.","US","","Massachusetts","*.stage.apps.thermofisher.com","","false"
"13.225.255.142","files.payoneer.com","Payoneer Inc.","US","New York","New York","files.payoneer.com","","false"
"13.225.255.196","nct127jkt.blibli.com","","","","","nct127jkt.blibli.com","","false"
"13.225.255.244","ip-hoarder.cloudfront.aws.dev","","","","","ip-hoarder.cloudfront.aws.dev|*.ip-hoarder.cloudfront.aws.dev","","false"
"13.225.253.26","www.jjshouse.com","ReadMob Technologies (HK) Limited","HK","Central District","Hong Kong Island","www.jjshouse.com","","false"
"13.225.253.84","bbysubs-dev.com","","","","","bbysubs-dev.com","","false"
"13.225.253.24","*.acordsolutions.net","ACORD Solutions Group, Inc.","US","Pearl River","New York","*.acordsolutions.net|acordsolutions.net","","false"
"13.225.253.57","bobo855.net","","","","","bobo855.net|www.bobo855.xyz|bobo855.xyz|www.bobo855.co|bobo855.cc|www.bobo855.net|www.bobo855.cc|bobo855.org|www.bobo855.org|bobo855.co","","false"
"13.225.253.174","*.api.avkn.co","Lockwood Publishing Ltd.","GB","Nottingham","Nottinghamshire","*.api.avkn.co|api.avkn.co","","false"
"13.225.254.108","*.contact.olleh.com","","","","","*.contact.olleh.com|contact.olleh.com","","false"
"13.225.254.29","*.ap-southeast-2.multichdev.a-sharedinfra.net","","","","","*.ap-southeast-2.multichdev.a-sharedinfra.net","","false"
"13.225.254.39","*.cf-vps.cf-embed.net","","","","","*.cf-vps.cf-embed.net","","false"
"13.225.254.22","*.test.iot.irobotapi.com","","","","","*.test.iot.irobotapi.com","","false"
"13.225.253.197","*.peoplematter.com","","","","","*.peoplematter.com|peoplematter.com","","false"
"13.225.253.171","www.audible.com","","","","","www.audible.com|audible.com|origin-www.audible.com|ios.audible.com","","false"
"13.225.253.238","adac-banking.production.b2c-banking-default.aws.solarisbank.io","","","","","adac-banking.production.b2c-banking-default.aws.solarisbank.io|adac-banking-web.production.b2c-banking-default.aws.solarisbank.io","","false"
"13.225.253.152","*.bnet.run","","","","","*.bnet.run|*.cf.amok.systems|*.stable.amok.systems|*.web.amok.systems|*.test.stable.cdp.systems","","false"
"13.225.254.14","wsassets-prod-iad.amazonworkspaces.com","Amazon.com, Inc.","US","Seattle","Washington","wsassets-prod-iad.amazonworkspaces.com","","false"
"13.225.254.21","opmsec.sophos.com","","","","","opmsec.sophos.com","","false"
"13.225.254.83","assoc-na.associates-amazon.com","","","","","assoc-na.associates-amazon.com|z-na.associates-amazon.com","","false"
"13.225.255.34","av-eu.amazon.com","","","","","av-eu.amazon.com|web-geo.amazonvideo.com|web-geo.primevideo.com|eu.primevideo.com","","false"
"13.225.254.189","cdn.federate.amazon.com","","","","","cdn.federate.amazon.com","","false"
"13.225.254.195","*.amoad.net","","","","","*.amoad.net|amoad.net","","false"
"13.225.254.182","*.unplugdining.com","","","","","*.unplugdining.com","","false"
"13.225.254.178","getcontentonline.com","","","","","getcontentonline.com","","false"
"13.225.254.133","password.amazonworkspaces.com","","","","","password.amazonworkspaces.com","","false"
"13.225.254.190","logview.lismovideounlimited.auone.jp","","","","","logview.lismovideounlimited.auone.jp","","false"
"13.225.255.94","lad.stag.niotp.com","Nestlé Ltd","CH","Vevey","Vaud","lad.stag.niotp.com|www.lad.stag.niotp.com","","false"
"13.225.255.187","*.notificationblock.com","","","","","*.notificationblock.com|*.gamer-tab.xyz|*.searchmagic.xyz|*.stopnotification.com|*.sports-page.xyz|*.nonotification.com","","false"
"13.225.255.161","y5f.honda.co.jp","","","","","y5f.honda.co.jp|*.y5f.honda.co.jp","","false"
"13.225.255.182","indeedassessments-api.com","","","","","indeedassessments-api.com","","false"
"13.225.255.77","*.pedbot.com.br","","","","","*.pedbot.com.br","","false"
"13.225.255.118","av-na.amazon.com","","","","","av-na.amazon.com|web-geo.amazonvideo.com|web-geo.primevideo.com|na.primevideo.com","","false"
"13.225.255.254","ip-hoarder.cloudfront.aws.dev","","","","","ip-hoarder.cloudfront.aws.dev|*.ip-hoarder.cloudfront.aws.dev","","false"
"13.225.255.247","ip-hoarder.cloudfront.aws.dev","","","","","ip-hoarder.cloudfront.aws.dev|*.ip-hoarder.cloudfront.aws.dev","","false"
"13.225.255.209","*.furusato-token.jp","","","","","*.furusato-token.jp","","false"
"13.225.255.199","*.undercovertourist.com","","","","","*.undercovertourist.com|undercovertourist.com","","false"
"13.225.255.236","js.pusher.com","","","","","js.pusher.com|www.js.pusher.com","","false"
